file_name,width_px,height_px,short_edge_px,sha256,language
cnn_accuracy_curve.png,1485,885,885,d1d76d9946956bae813308651e420764aeb829a362e8d09cbff27579c6ea4aed,English
cnn_f1_curve.png,1485,885,885,c279b01f04d2d070ed4100ca08bab37b04ff3606607011aea21713bfa95e70ca,English
cnn_loss_curve.png,1485,885,885,3b6679d3443a58c1c9171a58dbf2adfa919a4489bceaeaa56458d4051271a9e5,English
dataset_distribution.png,1485,884,884,e6928b73cc54e5a1ac40356cfd82214ffb018f773a9657c5625188a07d22341e,English
test_confusion_matrix_frame_level.png,1124,1185,1124,2a3d1927edb76d2951c9ff8a6d83a630efdcc6a8f1ed75ab13b5e17c28b8d355,English
test_confusion_matrix_video_level.png,1144,1185,1144,9bf669caf3b78ad40fd7bb7e1ac3a8648705cf79bc91bf44f37d85c4f97dd70b,English
test_decision_score_distribution.png,1485,885,885,ec0ab6685467dcbb1f8c6b78622bff870ba72487113d954db13a5ea4c441131f,English
test_precision_recall_curve_frame_level.png,1485,885,885,5f94bb7e3dfcff2bc7fc6bd3cd83a4545ff209649803e5442632ff2942d7972e,English
test_precision_recall_curve_video_level.png,1485,885,885,3a4f62e88e312d0cd7410cf8a88ec0aa01373528ec416f7e25dd8bb2d978398f,English
test_roc_curve_frame_level.png,1485,885,885,e2f855b09406205b162bcbe085d9b04def4806fa7af8621003862f5b4e63381e,English
test_roc_curve_video_level.png,1485,885,885,7b58e31d21a12ff60a1a72540718f44a3791f12106e95a08b5f0a2aa7262b9b1,English
