epoch,train_loss,val_loss,validation_threshold,validation_threshold_f1,train_accuracy,train_balanced_accuracy,train_precision,train_recall,train_f1,train_roc_auc,train_average_precision,val_accuracy,val_balanced_accuracy,val_precision,val_recall,val_f1,val_roc_auc,val_average_precision,learning_rate
1,0.692232282186041,0.6836761167416205,0.31,0.6765799256505576,0.5409731113956466,0.5409174077280239,0.5384615384615384,0.5322164948453608,0.5353208036292936,0.565212579680491,0.5444768964785125,0.5735294117647058,0.5869272237196765,0.5321637426900585,0.9285714285714286,0.6765799256505576,0.6346746245668079,0.5776621223531189,0.0002
2,0.6770384299511812,0.663250038257012,0.37,0.6816479400749064,0.5813060179257362,0.5810675218383567,0.5844875346260388,0.5438144329896907,0.5634178905206942,0.6100976167991397,0.6074718119848312,0.5833333333333334,0.5963611859838275,0.5384615384615384,0.9285714285714286,0.6816479400749064,0.6551790527531769,0.5983227749024003,0.00019945218953682734
3,0.6570189108653944,0.6422328398777888,0.375,0.7296137339055794,0.6049935979513444,0.6050552844888644,0.6,0.6146907216494846,0.6072565245066837,0.6548588704388658,0.6582791724761141,0.6911764705882353,0.6978244127839814,0.6296296296296297,0.8673469387755102,0.7296137339055794,0.7152002310358105,0.6508009907797712,0.00019781476007338058
4,0.6391546495106756,0.6255347109757937,0.405,0.7107438016528925,0.6370038412291933,0.6366733558930773,0.6494992846924177,0.5850515463917526,0.615593220338983,0.6861408410062696,0.6889973603926214,0.6568627450980392,0.6651906045437043,0.5972222222222222,0.8775510204081632,0.7107438016528925,0.7242491336157104,0.6697962543937213,0.00019510565162951537
5,0.6203686020203999,0.6231341591248145,0.33,0.7219917012448133,0.645326504481434,0.6452299913433541,0.6468253968253969,0.6301546391752577,0.6383812010443864,0.7121861965845596,0.7254869473486412,0.6715686274509803,0.6797266076241817,0.6083916083916084,0.8877551020408163,0.7219917012448133,0.727955333076627,0.6844619966118738,0.00019135454576426006
6,0.6066991449618826,0.6399654998229101,0.365,0.7073170731707317,0.6626120358514724,0.6623399832113533,0.6746143057503506,0.6198453608247423,0.6460711887172599,0.7299560937540989,0.7301319837909412,0.6470588235294118,0.6561417019638044,0.5878378378378378,0.8877551020408163,0.7073170731707317,0.7005679630342703,0.6453996283551726,2e-05
7,0.5986286994754052,0.6323037078747382,0.375,0.7027027027027027,0.6728553137003841,0.6726902494687967,0.6792963464140731,0.6469072164948454,0.6627062706270627,0.7398145051284069,0.753526224503656,0.6764705882352942,0.6809780515979977,0.6290322580645161,0.7959183673469388,0.7027027027027027,0.7007604928763959,0.666255950419486,1.9921147013144782e-05
8,0.602619334751246,0.6214495713894184,0.36,0.7104247104247104,0.6702944942381562,0.6700637443928543,0.6804979253112033,0.634020618556701,0.6564376250833889,0.7344278743999371,0.7411199654250493,0.6323529411764706,0.6439160569888333,0.5714285714285714,0.9387755102040817,0.7104247104247104,0.7191470927993839,0.6853673877633779,1.9685831611286312e-05
9,0.5873487099092833,0.6226352957578806,0.44000000000000006,0.7031963470319634,0.7010243277848912,0.7009833818630151,0.7009102730819246,0.6945876288659794,0.6977346278317152,0.7622102974738333,0.7552552258539443,0.6813725490196079,0.6853099730458221,0.6363636363636364,0.7857142857142857,0.7031963470319634,0.7242491336157105,0.6992711785990153,1.9297764858882516e-05
10,0.5955336136477334,0.650447604747919,0.45999999999999996,0.696,0.6805377720870679,0.6803648251619843,0.6879240162822252,0.6533505154639175,0.6701916721744877,0.7547234463943757,0.764684364238575,0.6274509803921569,0.6372737774355025,0.5723684210526315,0.8877551020408163,0.696,0.6859356950327301,0.6472764519183072,1.8763066800438638e-05
11,0.6030095198324749,0.6305538255434769,0.325,0.7114624505928854,0.6677336747759283,0.6678471183861914,0.6592317224287485,0.6855670103092784,0.6721415034744157,0.7389111316597151,0.7522340645734535,0.6421568627450981,0.6525798998844821,0.5806451612903226,0.9183673469387755,0.7114624505928854,0.6921929149018098,0.6518083315216077,1.8090169943749477e-05
12,0.5987378069940879,0.6289783922525553,0.46499999999999997,0.7012987012987013,0.6824583866837388,0.6824453713176464,0.6804123711340206,0.6804123711340206,0.6804123711340206,0.7476005679284383,0.7481819850154372,0.6617647058823529,0.6679822872545245,0.6090225563909775,0.826530612244898,0.7012987012987013,0.7223719676549866,0.6939496825046808,1.7289686274214116e-05
13,0.6030448130807098,0.6310095328551072,0.30000000000000004,0.7037037037037037,0.6709346991037132,0.6708474331733165,0.6728232189973615,0.6572164948453608,0.6649282920469362,0.7432296175336428,0.7416246023369024,0.6078431372549019,0.621486330381209,0.5523255813953488,0.9693877551020408,0.7037037037037037,0.6943107431651906,0.6630472850203963,1.63742398974869e-05
