status,source,drive_id,size_bytes,repo_target,drive_url
exists,Deney 1 Frame,13Azgj_yGMZhj7llmGZeDwOzKuA44KsBH,204,01_data_splits/drive_exports/deney_1_frame_primary/islem_checkpoint.json,https://drive.google.com/file/d/13Azgj_yGMZhj7llmGZeDwOzKuA44KsBH/view
exists,Deney 1 Frame,1Z-PxJeUrxBIuFQ2r0TVJt02G0ysUHMK4,37329,01_data_splits/drive_exports/deney_1_frame_primary/yuzsuz_veya_okunamayan_frameler.csv,https://drive.google.com/file/d/1Z-PxJeUrxBIuFQ2r0TVJt02G0ysUHMK4/view
exists,Deney 1 Frame,1WEeCNk5VjMfRMx7ERwjqJz1LidE47DWj,794241,01_data_splits/drive_exports/deney_1_frame_primary/secim_metadata.csv,https://drive.google.com/file/d/1WEeCNk5VjMfRMx7ERwjqJz1LidE47DWj/view
exists,Deney 1 Frame,1Qmm0rF0mPFQcTP85oE9R0X3dOMIazq80,541,01_data_splits/drive_exports/deney_1_frame_primary/islem_ozeti.json,https://drive.google.com/file/d/1Qmm0rF0mPFQcTP85oE9R0X3dOMIazq80/view
exists,Deney 1 Frame duplicate,1Amer0KOvJ7fIyiTh1UvniUDI6GaIOpP9,37329,01_data_splits/drive_exports/deney_1_frame_secondary/yuzsuz_veya_okunamayan_frameler.csv,https://drive.google.com/file/d/1Amer0KOvJ7fIyiTh1UvniUDI6GaIOpP9/view
exists,Deney 1 Frame duplicate,1ykC4ZjO2O_EivBa4xHcB2MFSPKq0pDXE,767241,01_data_splits/drive_exports/deney_1_frame_secondary/secim_metadata.csv,https://drive.google.com/file/d/1ykC4ZjO2O_EivBa4xHcB2MFSPKq0pDXE/view
exists,agirlikli fuzyon tekrar,1yVNzSnutBNjzTxXBN4mO756Xv40ZJdVI,29544,03_regional_models/notebooks/fusion/corrected_weighted_fusion_all4_same_formula.ipynb,https://drive.google.com/file/d/1yVNzSnutBNjzTxXBN4mO756Xv40ZJdVI/view
exists,04_weighted_soft_voting_CORRECTED_ALL4_seed42,1BRbuYky0tM-yl6UGCraZvli22gLqH8Hq,1239,05_fusion/results/weighted_soft_voting_corrected_all4_seed42/paper_ready_corrected_fusion_table.csv,https://drive.google.com/file/d/1BRbuYky0tM-yl6UGCraZvli22gLqH8Hq/view
exists,04_weighted_soft_voting_CORRECTED_ALL4_seed42,1pI56OjiWLivQ-vVHOS3aDZ_psclfphoK,1991,05_fusion/results/weighted_soft_voting_corrected_all4_seed42/corrected_weighted_fusion_metrics_ALL4.csv,https://drive.google.com/file/d/1pI56OjiWLivQ-vVHOS3aDZ_psclfphoK/view
exists,04_weighted_soft_voting_CORRECTED_ALL4_seed42,1XIXWPWtZF0g8oTUiDOrh82SMWWYvndr9,1095,05_fusion/results/weighted_soft_voting_corrected_all4_seed42/corrected_validation_weights_ALL4.csv,https://drive.google.com/file/d/1XIXWPWtZF0g8oTUiDOrh82SMWWYvndr9/view
exists,Kas Kodlar,1exlI40qRLSzbwh7ElA3BVB8c0L6Ej_e2,61875,03_regional_models/notebooks/brow/AISC_VGG16_SVM_3Region_LateFusion.ipynb,https://drive.google.com/file/d/1exlI40qRLSzbwh7ElA3BVB8c0L6Ej_e2/view
exists,Kas Kodlar,1hSb1ARMFcn3IwSG4MNHhNUuwvcuO4Vfr,107478,03_regional_models/notebooks/brow/HOG_LBP_SVM_Majority_Vote_Region_Fusion_Deney1_CORRECTED.ipynb,https://drive.google.com/file/d/1hSb1ARMFcn3IwSG4MNHhNUuwvcuO4Vfr/view
exists,Kas Kodlar,1mJpeqhsnp0bmENtOnJF0i0Cb62jb4xnM,57888,03_regional_models/notebooks/brow/20260809_multi_region_calibrated_weighted_score_fusion_seed42_V4_PROVENANCE_FIXED.ipynb,https://drive.google.com/file/d/1mJpeqhsnp0bmENtOnJF0i0Cb62jb4xnM/view
exists,Kas Kodlar,1j8R9eNg_j19edYu0jN8GNqh-s_aHKCT-,119411,03_regional_models/notebooks/brow/DenseNet121_Kas_Deepfake_AISC_Standard_STABILIZED_V3 (1).ipynb,https://drive.google.com/file/d/1j8R9eNg_j19edYu0jN8GNqh-s_aHKCT-/view
exists,Kas Kodlar,1pEkwNKMLsKaTOZ8gRI_qWgqSOm-wmmOC,533667,03_regional_models/notebooks/brow/EfficientNet_B0_Eyebrow_Nazlican_FINAL_STABLE.ipynb,https://drive.google.com/file/d/1pEkwNKMLsKaTOZ8gRI_qWgqSOm-wmmOC/view
exists,Kas Kodlar,1nWpiVeSOSxficnAuRI5wukSgTi8UbpfX,321344,03_regional_models/notebooks/brow/HOG_LBP_KAZE_SVM_RF_Kas_Deepfake_Colab_OPENCV4_FIXED.ipynb,https://drive.google.com/file/d/1nWpiVeSOSxficnAuRI5wukSgTi8UbpfX/view
exists,Kas Kodlar,1oqbCjl1w1116Fg_oe1LWaMoC4eomt8jH,242020,03_regional_models/notebooks/brow/VGG16_FeatureExtractor_SVM_Kas_Deney1_FIXED.ipynb,https://drive.google.com/file/d/1oqbCjl1w1116Fg_oe1LWaMoC4eomt8jH/view
exists,Kas Kodlar,1xWxgf5Jq-wCJclfhivS0M3TZGQYlT7NN,1037491,03_regional_models/notebooks/brow/Xception_Eyebrow_Deepfake_Colab_ROBUST_FIXED.ipynb,https://drive.google.com/file/d/1xWxgf5Jq-wCJclfhivS0M3TZGQYlT7NN/view
exists,Kas Kodlar,1-XInwpe3n9BAU6GvXz8-iZhaHjfS7nji,445963,03_regional_models/notebooks/brow/Eyebrow_SwinV2_Tiny_PDF_Standard_Nazlican.ipynb,https://drive.google.com/file/d/1-XInwpe3n9BAU6GvXz8-iZhaHjfS7nji/view
exists,Kas Kodlar,1Ib0_f8t8VxqX5HpuwrCo5zpfDgLoQJpH,56572,03_regional_models/notebooks/brow/HOG_LBP_SVM_Eyebrow_Deepfake_Colab_FIXED.ipynb,https://drive.google.com/file/d/1Ib0_f8t8VxqX5HpuwrCo5zpfDgLoQJpH/view
exists,Kas Kodlar,1QLfiNCNNdKE0N2bAi5nUOiTA_C67g6Ss,157098,03_regional_models/notebooks/brow/Eyebrow_SwinV2_LBP_GLCM_Gabor_Wavelet_Fusion_Nazlican_v2.ipynb,https://drive.google.com/file/d/1QLfiNCNNdKE0N2bAi5nUOiTA_C67g6Ss/view
exists,Kas Kodlar,19btWrCqmLpeBYthwbXritJq6RdYe02mj,172063,03_regional_models/notebooks/brow/VGG16_sifirdan_egitim_HOG_GIST_RBF_SVM.ipynb,https://drive.google.com/file/d/19btWrCqmLpeBYthwbXritJq6RdYe02mj/view
exists,Kas Kodlar,1xQQsKA3dDxOfByYOTw8DxnWuGhYG57b5,2809910,02_roi_preprocessing/drive_outputs/brow/kas_roi_cikarma_pipeline_colab_duzeltilmis.ipynb,https://drive.google.com/file/d/1xQQsKA3dDxOfByYOTw8DxnWuGhYG57b5/view
exists,Kas Raporlar,139bgGT5CAjzS1yjzpVBlCEdPtRG_1FzY,581758,08_article/reports/brow/VGG16_SVM_Kas_Agiz_Goz_MajorityVote_LateFusion_Sonuclari_Detayli_Rapor.pdf,https://drive.google.com/file/d/139bgGT5CAjzS1yjzpVBlCEdPtRG_1FzY/view
exists,Kas Raporlar,1kxhUKhKZVRJaGhSVVESfWNbvn_wYqznE,339101,08_article/reports/brow/HOG_LBP_SVM_Majority_Vote_Fuzyon_Sonuc_Analiz_Raporu.pdf,https://drive.google.com/file/d/1kxhUKhKZVRJaGhSVVESfWNbvn_wYqznE/view
exists,Kas Raporlar,1pKpbvDNef_EmFzFZSQkcXqW22mZZgJB5,319072,08_article/reports/brow/Multi_Region_Fuzyon_Ayrintili_Sonuc_Analiz_Raporu.pdf,https://drive.google.com/file/d/1pKpbvDNef_EmFzFZSQkcXqW22mZZgJB5/view
exists,Kas Raporlar,1V6w8DiPtQOQNh6j_rNLHUHH52NMOplVw,710101,08_article/reports/brow/DenseNet121_Kas_Detayli_Sonuc_Analiz_Raporu.pdf,https://drive.google.com/file/d/1V6w8DiPtQOQNh6j_rNLHUHH52NMOplVw/view
exists,Kas Raporlar,1TyxeBWzDqTR-d9mzW-0CV0wXc1MaxAVS,676237,08_article/reports/brow/EfficientNet_B0_Kas_ROI_Detayli_Sonuc_Raporu.pdf,https://drive.google.com/file/d/1TyxeBWzDqTR-d9mzW-0CV0wXc1MaxAVS/view
exists,Kas Raporlar,1PEk6lRZZpb5Fm325P0WvFkgxHzJoWkCE,729883,08_article/reports/brow/HOG_LBP_KAZE_SVM_RF_Kas_Deneyi_Detayli_Rapor.pdf,https://drive.google.com/file/d/1PEk6lRZZpb5Fm325P0WvFkgxHzJoWkCE/view
exists,Kas Raporlar,16MkhF0ccaf7XQf-1EF7higTvcfOlTOG-,377126,08_article/reports/brow/VGG16_FeatureExtractor_SVM_Kas_Detayli_Rapor.pdf,https://drive.google.com/file/d/16MkhF0ccaf7XQf-1EF7higTvcfOlTOG-/view
exists,Kas Raporlar,1YTUv2qgE92hqto8_MVv7QiWBm4fHaEsI,1542104,08_article/reports/brow/Xception_Kas_Deepfake_Detayli_Sonuc_Raporu.pdf,https://drive.google.com/file/d/1YTUv2qgE92hqto8_MVv7QiWBm4fHaEsI/view
exists,Kas Raporlar,1Eync-w4LLkMbs_Uac44FLs9CsGHxXMgO,616836,08_article/reports/brow/Kas_SwinV2_Tiny_Detayli_Sonuc_Analiz_Raporu.pdf,https://drive.google.com/file/d/1Eync-w4LLkMbs_Uac44FLs9CsGHxXMgO/view
exists,Kas Raporlar,1JBgmG-ur9CE7R5XN1vfmhxRf_m-HJBY2,823221,08_article/reports/brow/HOG_LBP_SVM_Kas_Deneyi_Sonuc_Analiz_Raporu.pdf,https://drive.google.com/file/d/1JBgmG-ur9CE7R5XN1vfmhxRf_m-HJBY2/view
exists,Kas Raporlar,1znjwV8Ky9rTStSIFsp4UWuxQQBmQ29uN,896965,08_article/reports/brow/Swin_V2_Tiny_LBP_GLCM_Gabor_Wavelet_Fusion.pdf,https://drive.google.com/file/d/1znjwV8Ky9rTStSIFsp4UWuxQQBmQ29uN/view
exists,Kas Raporlar,1iElquP0lY_hJbEpNObo-ce-AKXpXpvrK,831499,08_article/reports/brow/kas_roi_cikarma_kod_ve_cikti_raporu.pdf,https://drive.google.com/file/d/1iElquP0lY_hJbEpNObo-ce-AKXpXpvrK/view
exists,Kas Raporlar,1b3UT4FRbQOSbJmwbwUhZ_nQGrhpCXxJv,496396,08_article/reports/brow/VGG16_sifirdan_egitim_HOG_GIST_RBF_SVM.pdf,https://drive.google.com/file/d/1b3UT4FRbQOSbJmwbwUhZ_nQGrhpCXxJv/view
exists,Kas Raporlar,1_SolptVwUR6HhWJUNne_7_VPQgpPsf1v,93572,08_article/reports/brow/Kas_Uzerinden_Deepfake_Tespiti_Model_Onceliklendirme.pdf,https://drive.google.com/file/d/1_SolptVwUR6HhWJUNne_7_VPQgpPsf1v/view
exists,Kas Kod Aciklamalari,15T9CEaw4PZB8ckjEBXMupiWxMJGjzy_N,293506,08_article/code_explanations/brow/Fusion_Notebook_Kod_Aciklamasi.pdf,https://drive.google.com/file/d/15T9CEaw4PZB8ckjEBXMupiWxMJGjzy_N/view
exists,Kas Kod Aciklamalari,1HegsET0Mk9WcoZe1fddukoNdirUJRZoA,175193,08_article/code_explanations/brow/HOG_LBP_SVM_Majority_Vote_Fuzyon_Kod_Aciklama_Raporu.pdf,https://drive.google.com/file/d/1HegsET0Mk9WcoZe1fddukoNdirUJRZoA/view
exists,Kas Kod Aciklamalari,1XYC17_QlzkdbDLHdPlXajZbfupjhieKY,63458,08_article/code_explanations/brow/Multi_Region_Fuzyon_Notebook_Kod_Aciklama_Raporu.pdf,https://drive.google.com/file/d/1XYC17_QlzkdbDLHdPlXajZbfupjhieKY/view
exists,Kas Kod Aciklamalari,1Pxj5TZWU6yfl6YGBVjzBeWqkuBT6S4Gb,561898,08_article/code_explanations/brow/DenseNet121_Kas_Kod_Calisma_Mantigi_Teknik_Raporu.pdf,https://drive.google.com/file/d/1Pxj5TZWU6yfl6YGBVjzBeWqkuBT6S4Gb/view
exists,Kas Kod Aciklamalari,106icgkY1d6gWxAI5BcmhV0_FSgHrokIw,361417,08_article/code_explanations/brow/EfficientNet_B0_Kas_ROI_Kod_Calisma_Mantigi_Teknik_Raporu.pdf,https://drive.google.com/file/d/106icgkY1d6gWxAI5BcmhV0_FSgHrokIw/view
exists,Kas Kod Aciklamalari,1ywo6Guy8TaYBh_kNJ49pBdVQbHMKvUYx,273801,08_article/code_explanations/brow/HOG_LBP_KAZE_SVM_RF_Kas_Kod_Metodoloji_Raporu.pdf,https://drive.google.com/file/d/1ywo6Guy8TaYBh_kNJ49pBdVQbHMKvUYx/view
exists,Kas Kod Aciklamalari,15GqLDzvaCHnuHWG-5BkQ_aLrDDDwl5Kq,270996,08_article/code_explanations/brow/VGG16_FeatureExtractor_SVM_Kas_Kod_Aciklama_Raporu.pdf,https://drive.google.com/file/d/15GqLDzvaCHnuHWG-5BkQ_aLrDDDwl5Kq/view
exists,Kas Kod Aciklamalari,1pyin7A5ajCkMtklqfzub9K5h7vHickPf,288021,08_article/code_explanations/brow/Xception_Kas_ROI_Kod_Calisma_Raporu.pdf,https://drive.google.com/file/d/1pyin7A5ajCkMtklqfzub9K5h7vHickPf/view
exists,Kas Kod Aciklamalari,1bZQt10Quz5nJk3NW0v1RWJ-Xd1Z5_N1-,359140,08_article/code_explanations/brow/Kas_SwinV2_Tiny_Kod_Calisma_Mantigi_Teknik_Raporu.pdf,https://drive.google.com/file/d/1bZQt10Quz5nJk3NW0v1RWJ-Xd1Z5_N1-/view
exists,Kas Kod Aciklamalari,1pEV123R0z1-mirA4TsSJLnT4t0v_b0nv,213945,08_article/code_explanations/brow/HOG_LBP_SVM_Kas_Deepfake_Kod_Aciklama_Raporu.pdf,https://drive.google.com/file/d/1pEV123R0z1-mirA4TsSJLnT4t0v_b0nv/view
exists,Kas Kod Aciklamalari,1VqhIbZ__DhfPgmpj9dmHoTno1xFNIF9r,634944,08_article/code_explanations/brow/Swin_V2_Tiny_LBP_GLCM_Gabor_Wavelet_Fusion.pdf,https://drive.google.com/file/d/1VqhIbZ__DhfPgmpj9dmHoTno1xFNIF9r/view
exists,Kas Kod Aciklamalari,16bRqHfJlrflfStgZS9LsvOD6FCRBePiU,207668,08_article/code_explanations/brow/vgg16_hog_gist_rbf_svm_kod_raporu.pdf,https://drive.google.com/file/d/16bRqHfJlrflfStgZS9LsvOD6FCRBePiU/view
exists,Kas Kod Aciklamalari,1GDS36L9yYTk1WpQEeScvSZqLHW2CH06o,831499,08_article/code_explanations/brow/kas_roi_cikarma_kod_ve_cikti_raporu.pdf,https://drive.google.com/file/d/1GDS36L9yYTk1WpQEeScvSZqLHW2CH06o/view
exists,Agiz Kodlar,1e_KfKib3SGlbhCD8XK-Fk-IR2HZXWDCP,571195,03_regional_models/notebooks/mouth/EfficientNet_B0_Mouth_Baseline_FINAL_STABLE.ipynb,https://drive.google.com/file/d/1e_KfKib3SGlbhCD8XK-Fk-IR2HZXWDCP/view
exists,Agiz Kodlar,1sWObE8qTuZUkpHT-PriVhU-ABnWcQCp-,398798,03_regional_models/notebooks/mouth/Mouth_SwinV2_Tiny_Baseline_Resume_Ready (1).ipynb,https://drive.google.com/file/d/1sWObE8qTuZUkpHT-PriVhU-ABnWcQCp-/view
exists,Agiz Kodlar,1HlyzxFK5j8fyWAyckQ8W2RUOGxGsOL-d,724308,03_regional_models/notebooks/mouth/VGG16_FeatureExtractor_SVM_Mouth_Deepfake_Colab_FIXED.ipynb,https://drive.google.com/file/d/1HlyzxFK5j8fyWAyckQ8W2RUOGxGsOL-d/view
exists,Agiz Kodlar,1vGKR7zfFo2i-yYNo9ggZ_7fgoaFfI9A5,561030,03_regional_models/notebooks/mouth/DenseNet121_Mouth_Deepfake_Colab_FIXED.ipynb,https://drive.google.com/file/d/1vGKR7zfFo2i-yYNo9ggZ_7fgoaFfI9A5/view
exists,Agiz Kodlar,1xzqW6HMsDRfzYUyJ2KhY57I7FErPPL1m,160733,03_regional_models/notebooks/mouth/HOG_LBP_SVM_Mouth_Deepfake_Colab_FIXED.ipynb,https://drive.google.com/file/d/1xzqW6HMsDRfzYUyJ2KhY57I7FErPPL1m/view
exists,Agiz Kodlar,1SKaj-Buo3z77SQ3lDhS-wnShpCNfkLM3,200860,03_regional_models/notebooks/mouth/SwinV2_Tiny_LBP_GLCM_Gabor_Wavelet_Mouth_Deepfake_Colab (2).ipynb,https://drive.google.com/file/d/1SKaj-Buo3z77SQ3lDhS-wnShpCNfkLM3/view
exists,Agiz Kodlar,18zTLwXA75kVMW2iqrrumOikcTAbG2SO9,527021,03_regional_models/notebooks/mouth/VGG16_HOG_GIST_RBF_SVM_Mouth_Deepfake_Colab_FIXED (2).ipynb,https://drive.google.com/file/d/18zTLwXA75kVMW2iqrrumOikcTAbG2SO9/view
exists,Agiz Kodlar,1GURMzGij142qY-BusjIvCYdfXEJlT845,1217976,03_regional_models/notebooks/mouth/HOG_LBP_KAZE_SVM_RF_Mouth_Deepfake_Colab.ipynb,https://drive.google.com/file/d/1GURMzGij142qY-BusjIvCYdfXEJlT845/view
exists,Agiz Kodlar,1CufdSTRfFMP780zk-W0fislQjG_aB_W8,961174,03_regional_models/notebooks/mouth/Xception_Mouth_Deepfake_Colab_FIXED.ipynb,https://drive.google.com/file/d/1CufdSTRfFMP780zk-W0fislQjG_aB_W8/view
exists,Agiz Kodlar,14hzFHsnlMn5VL3Y1cm4bAezVfACX7Hbl,2900736,02_roi_preprocessing/drive_outputs/mouth/Untitled4 (2).ipynb,https://drive.google.com/file/d/14hzFHsnlMn5VL3Y1cm4bAezVfACX7Hbl/view
exists,Agiz Sonuclar,1vF6_1flkUTwT3_z_WHgEajaAbhjjVNRw,107,03_regional_models/drive_archives/mouth/20260808_1240_mouth_vgg16_svm_seed42.zip.sha256,https://drive.google.com/file/d/1vF6_1flkUTwT3_z_WHgEajaAbhjjVNRw/view
exists,Agiz Sonuclar,1cbCatGKJYdgbrNSyZBDCo-aww2ttWlrg,12908786,03_regional_models/drive_archives/mouth/20260808_1240_mouth_vgg16_svm_seed42.zip,https://drive.google.com/file/d/1cbCatGKJYdgbrNSyZBDCo-aww2ttWlrg/view
exists,Agiz Raporlar,1Lqf6OholQ3mqN5IIxpiGzvFnfh0Hd2n_,88717,08_article/reports/mouth/EfficientNet_B0_Agiz_ROI_Deney_Sonuc_Raporu.pdf,https://drive.google.com/file/d/1Lqf6OholQ3mqN5IIxpiGzvFnfh0Hd2n_/view
exists,Agiz Raporlar,1nuqd-bn3T5RK9JVnE9nIw-JPQ-FGdO0V,1392839,08_article/reports/mouth/DenseNet121_Kas_Goz_Agiz_LeakageSafe_Fuzyon_Deney_Raporu.pdf,https://drive.google.com/file/d/1nuqd-bn3T5RK9JVnE9nIw-JPQ-FGdO0V/view
exists,Agiz Raporlar,1O6rllQZSTOpzIZ5EV1gi2y4Z6-K8HxGb,1630652,08_article/reports/mouth/HOG_LBP_KAZE_RBFSVM_Kas_Goz_Agiz_Fuzyon_Deney_Raporu.pdf,https://drive.google.com/file/d/1O6rllQZSTOpzIZ5EV1gi2y4Z6-K8HxGb/view
exists,Agiz Raporlar,1k5NjUPyG4PN0qyZu8Q_v6-mfbKyfmmNx,2396930,08_article/reports/mouth/Xception_Kas_Goz_Agiz_Weighted_Fusion_Deney_Raporu.pdf,https://drive.google.com/file/d/1k5NjUPyG4PN0qyZu8Q_v6-mfbKyfmmNx/view
exists,Agiz Raporlar,1ykzX9d8enUavdGfEnjk7lt1R4_yHE7JQ,440156,08_article/reports/mouth/Agiz_SwinV2_Tiny_Deney_Raporu.pdf,https://drive.google.com/file/d/1ykzX9d8enUavdGfEnjk7lt1R4_yHE7JQ/view
exists,Agiz Raporlar,1r8CiEzRFOHkfCRYedQaAwx_-PZuxeZ0u,554752,08_article/reports/mouth/VGG16_SVM_Agiz_Detayli_Deney_Raporu.pdf,https://drive.google.com/file/d/1r8CiEzRFOHkfCRYedQaAwx_-PZuxeZ0u/view
exists,Agiz Raporlar,1Eq49cDt7zdbbR18D0CQ5u6TSklvxCSPz,570512,08_article/reports/mouth/DenseNet121_Mouth_Deney_Sonuc_Analiz_Raporu (1).pdf,https://drive.google.com/file/d/1Eq49cDt7zdbbR18D0CQ5u6TSklvxCSPz/view
exists,Agiz Raporlar,1RogOm85gVYShzMcRcuLGo9KQAvS0m8M5,708967,08_article/reports/mouth/HOG_LBP_SVM_Agiz_Deneyi_Sonuc_Analiz_Raporu.pdf,https://drive.google.com/file/d/1RogOm85gVYShzMcRcuLGo9KQAvS0m8M5/view
exists,Agiz Raporlar,1slcyBYfwnHfowkqXVLNdInWPKnMquVjV,1049209,08_article/reports/mouth/VGG16_HOG_GIST_RBF_SVM_Agiz_Deney_Sonuc_Raporu (1).pdf,https://drive.google.com/file/d/1slcyBYfwnHfowkqXVLNdInWPKnMquVjV/view
exists,Agiz Raporlar,1YYBtKlYd0wERTd7DYC5fUwTPxK7VXz7C,842160,08_article/reports/mouth/HOG_LBP_KAZE_Mouth_Deney_Raporu.pdf,https://drive.google.com/file/d/1YYBtKlYd0wERTd7DYC5fUwTPxK7VXz7C/view
exists,Agiz Raporlar,1FuHFHvppThpWMZewEoUKp2hwp5SN66HW,562666,08_article/reports/mouth/Xception_Mouth_Deney1_Sonuc_Raporu_Guncellenmis.pdf,https://drive.google.com/file/d/1FuHFHvppThpWMZewEoUKp2hwp5SN66HW/view
exists,Agiz Kod Aciklamalari,1lDFv_-iqyd6whaZfyZYnZjz9B_UpAimU,88147,08_article/code_explanations/mouth/EfficientNet_B0_Agiz_ROI_Kod_Aciklama_Teknik_Raporu.pdf,https://drive.google.com/file/d/1lDFv_-iqyd6whaZfyZYnZjz9B_UpAimU/view
exists,Agiz Kod Aciklamalari,12qcqoTK-4sksZ8QPLCRr9feEDZrWeG5M,5222,08_article/code_explanations/mouth/DenseNet121_Kas_Goz_Agiz_LeakageSafe_Fuzyon_Kod_Aciklama_Raporu.pdf,https://drive.google.com/file/d/12qcqoTK-4sksZ8QPLCRr9feEDZrWeG5M/view
exists,Agiz Kod Aciklamalari,1SfGQaB9oLCgg12vdpOJbb2n1RM5ygVp9,5155,08_article/code_explanations/mouth/HOG_LBP_KAZE_RBFSVM_Kas_Goz_Agiz_Fuzyon_Kod_Aciklama_Raporu.pdf,https://drive.google.com/file/d/1SfGQaB9oLCgg12vdpOJbb2n1RM5ygVp9/view
exists,Agiz Kod Aciklamalari,1tXuGeZfReCP_1GWd-b1TOY43o-T18CaF,5448,08_article/code_explanations/mouth/Xception_Kas_Goz_Agiz_Weighted_Fusion_Kod_Aciklama_Raporu.pdf,https://drive.google.com/file/d/1tXuGeZfReCP_1GWd-b1TOY43o-T18CaF/view
exists,Agiz Kod Aciklamalari,1MjJt4Cw-I_zYL1bPA_NpMjV6WTnN_AN_,61274,08_article/code_explanations/mouth/Agiz_SwinV2_Tiny_Kod_Raporu.pdf,https://drive.google.com/file/d/1MjJt4Cw-I_zYL1bPA_NpMjV6WTnN_AN_/view
exists,Agiz Kod Aciklamalari,1D_NzF1mx610Vat_qjWynVhnn7v8qBCOl,224138,08_article/code_explanations/mouth/VGG16_SVM_Agiz_Kod_Aciklama_Raporu.pdf,https://drive.google.com/file/d/1D_NzF1mx610Vat_qjWynVhnn7v8qBCOl/view
exists,Agiz Kod Aciklamalari,1bEi0HATcPIfmMjLnOnJBrce87CCtjg-Z,87739,08_article/code_explanations/mouth/DenseNet121_Mouth_Kod_Aciklama_Raporu.pdf,https://drive.google.com/file/d/1bEi0HATcPIfmMjLnOnJBrce87CCtjg-Z/view
exists,Agiz Kod Aciklamalari,1LMHV5asajxFdlZhY1OXL9Cstj0dIfGUT,259382,08_article/code_explanations/mouth/VGG16_HOG_GIST_RBF_SVM_Agiz_Kod_Aciklama_Raporu (1).pdf,https://drive.google.com/file/d/1LMHV5asajxFdlZhY1OXL9Cstj0dIfGUT/view
exists,Agiz Kod Aciklamalari,1K0-4Wwrm7zQTSNq0hgtLUK7Dcy9JOkeh,584810,08_article/code_explanations/mouth/HOG_LBP_KAZE_Mouth_Kod_Aciklamasi.pdf,https://drive.google.com/file/d/1K0-4Wwrm7zQTSNq0hgtLUK7Dcy9JOkeh/view
exists,Agiz Kod Aciklamalari,1OpmYUUZ53rsv71ui33WkLTPazdafhxEk,132365,08_article/code_explanations/mouth/Xception_Agiz_Deepfake_Deney_Raporu (1).pdf,https://drive.google.com/file/d/1OpmYUUZ53rsv71ui33WkLTPazdafhxEk/view
exists,Agiz Kod Aciklamalari,1XmGLbbgtI8dTwjNylZKceaihrmz13kKB,326172,08_article/code_explanations/mouth/Xception_Mouth_Kod_Aciklama_Raporu.pdf,https://drive.google.com/file/d/1XmGLbbgtI8dTwjNylZKceaihrmz13kKB/view
exists,Goz Kodlar,1spDk00SVIp-_M4jaUkeDod1m1o3caWWN,66592,03_regional_models/notebooks/fusion/03_Calibrated_Weighted_Fusion_AUTO_ARTIFACTS_MY_MODELS.ipynb,https://drive.google.com/file/d/1spDk00SVIp-_M4jaUkeDod1m1o3caWWN/view
exists,Goz Kodlar,13impwDNH1JFsIrGUx1C9aNYD_jmuEg3L,56416,03_regional_models/notebooks/fusion/03_Calibrated_Weighted_Score_Fusion_MY_MODELS.ipynb,https://drive.google.com/file/d/13impwDNH1JFsIrGUx1C9aNYD_jmuEg3L/view
exists,Goz Kodlar,1yIIsNFJmhMZsOq6sL_Y1YLWDXNctzeeY,88471,03_regional_models/notebooks/fusion/03_Calibrated_Weighted_Fusion_3_Model_Ailesi_CLEAN.ipynb,https://drive.google.com/file/d/1yIIsNFJmhMZsOq6sL_Y1YLWDXNctzeeY/view
exists,Goz Kodlar,150bCuLqIsEBhYtt_L8f9B2NUEB7muy7S,80202,03_regional_models/notebooks/fusion/03_Calibrated_Weighted_Fusion_3_Model_Ailesi.ipynb,https://drive.google.com/file/d/150bCuLqIsEBhYtt_L8f9B2NUEB7muy7S/view
downloaded,Goz Kodlar,1c7H4EK-qC1ax2Pxyh3dxnhhQlwvHw36P,200075,03_regional_models/notebooks/fusion/00_Generate_Validation_Predictions_For_Logistic_Fusion_v2.ipynb,https://drive.google.com/file/d/1c7H4EK-qC1ax2Pxyh3dxnhhQlwvHw36P/view
downloaded,Goz Kodlar,1hxeEPeImfN68EIF_2hDXo_hpa5HgeER3,59985,03_regional_models/notebooks/fusion/00_Generate_Validation_Predictions_For_Logistic_Fusion.ipynb,https://drive.google.com/file/d/1hxeEPeImfN68EIF_2hDXo_hpa5HgeER3/view
downloaded,Goz Kodlar,1M9v7wBie-rNxCQALo_RzpVSr764qJkHI,131188,03_regional_models/notebooks/fusion/03_Learnable_Logistic_Fusion_3_Model_Ailesi_REVISED_FROM_SCRATCH.ipynb,https://drive.google.com/file/d/1M9v7wBie-rNxCQALo_RzpVSr764qJkHI/view
downloaded,Goz Kodlar,1jDp7MhVjfL6-tZFgcgXbcK773an7cGPO,194169,03_regional_models/notebooks/fusion/02_Weighted_Soft_Voting_3_Model_Ailesi_REVISED_FROM_SCRATCH.ipynb,https://drive.google.com/file/d/1jDp7MhVjfL6-tZFgcgXbcK773an7cGPO/view
downloaded,Goz Kodlar,1Gfe76IGB7YROKuTBlqAS3cm69yAfn5Ad,177439,03_regional_models/notebooks/fusion/01_Equal_Soft_Voting_3_Model_Ailesi_REVISED.ipynb,https://drive.google.com/file/d/1Gfe76IGB7YROKuTBlqAS3cm69yAfn5Ad/view
downloaded,Goz Kodlar,1BAXedcSygjETcxvbmry7-OEJuZR-fTfV,43400,03_regional_models/notebooks/fusion/01_Equal_Soft_Voting_3_Model_Ailesi.ipynb,https://drive.google.com/file/d/1BAXedcSygjETcxvbmry7-OEJuZR-fTfV/view
downloaded,Goz Kodlar,1M1eOkUrv16TH-Nk6L9uzbOJLDOmi-4m6,345477,03_regional_models/notebooks/eye/DenseNet121_Eye_Deepfake_Colab_REVISED.ipynb,https://drive.google.com/file/d/1M1eOkUrv16TH-Nk6L9uzbOJLDOmi-4m6/view
downloaded,Goz Kodlar,1KIDOOc88JJRW0awxh759ZAfvtMRi6fLE,256792,03_regional_models/notebooks/eye/Goz_VGG16_SVM_SSOT_Deney.ipynb,https://drive.google.com/file/d/1KIDOOc88JJRW0awxh759ZAfvtMRi6fLE/view
downloaded,Goz Kodlar,1YKxLsgih98qCZvnPobj6mnOxJpLZPxDw,185845,03_regional_models/notebooks/eye/Kader_Deney1_Goz_VGG16_SVM_SSOT_v2_FIXED_v3.ipynb,https://drive.google.com/file/d/1YKxLsgih98qCZvnPobj6mnOxJpLZPxDw/view
downloaded,Goz Kodlar,1g_oZiv68KV-atF89xSNj9qdwVmD7RUBy,517696,03_regional_models/notebooks/eye/efficientnet_b0_eye_baseline_FINAL_STABLE.ipynb,https://drive.google.com/file/d/1g_oZiv68KV-atF89xSNj9qdwVmD7RUBy/view
downloaded,Goz Kodlar,1f1D2nYaRLq6HYIW6ZyE_qbXBBgnY0vGE,89496,03_regional_models/notebooks/eye/Kader_Deney1_Goz_VGG16_SVM_SSOT_v2_FIXED_v2.ipynb,https://drive.google.com/file/d/1f1D2nYaRLq6HYIW6ZyE_qbXBBgnY0vGE/view
downloaded,Goz Kodlar,1CXVHL-9XvckY5dhzkHsKRbWuoHGIMCY_,64103,03_regional_models/notebooks/eye/Kader_Deney1_Goz_VGG16_SVM_SSOT_v2_FIXED.ipynb,https://drive.google.com/file/d/1CXVHL-9XvckY5dhzkHsKRbWuoHGIMCY_/view
downloaded,Goz Kodlar,1bVGUTeEYvAAlPRnmhkUYB2ecjGYWD_mL,49930,03_regional_models/notebooks/eye/Kader_Deney1_Goz_VGG16_FeatureExtractor_SVM_FIXED.ipynb,https://drive.google.com/file/d/1bVGUTeEYvAAlPRnmhkUYB2ecjGYWD_mL/view
downloaded,Goz Kodlar,17jAa5NUf5ohK4iDrtNyHIdhkXQcIk5Hw,135903,03_regional_models/notebooks/eye/efficientnet_b0_eye_baseline_FAST_STABLE.ipynb,https://drive.google.com/file/d/17jAa5NUf5ohK4iDrtNyHIdhkXQcIk5Hw/view
downloaded,Goz Kodlar,1c_G43Rc-bp2a7EK7Y5KQJCOOGQ1dHQsW,70374,03_regional_models/notebooks/eye/efficientnet_b0_eye_baseline_REVIZED.ipynb,https://drive.google.com/file/d/1c_G43Rc-bp2a7EK7Y5KQJCOOGQ1dHQsW/view
downloaded,Goz Kodlar,1GITPxxXjFDoYlVJ-IOPTi8yd-947TDJX,99588,03_regional_models/notebooks/eye/efficientnet_b0_eye_baseline.ipynb,https://drive.google.com/file/d/1GITPxxXjFDoYlVJ-IOPTi8yd-947TDJX/view
downloaded,Goz Kodlar,15IRdBJ-P36mbBk_MLxiDeIVwRjWw3snX,163547,03_regional_models/notebooks/eye/HOG_LBP_KAZE_SVM_RF_Eye_Deepfake_Deney.ipynb,https://drive.google.com/file/d/15IRdBJ-P36mbBk_MLxiDeIVwRjWw3snX/view
downloaded,Goz Kodlar,1_juYb8Jbfb4Yo61nr2VWbxgV9aWWCnTv,146156,03_regional_models/notebooks/eye/HOG_LBP_SVM_Eye_Deepfake_Deney.ipynb,https://drive.google.com/file/d/1_juYb8Jbfb4Yo61nr2VWbxgV9aWWCnTv/view
downloaded,Goz Kodlar,1GtMbormjpFxYSxAh8YM8vcN-wkxpiWea,108221,03_regional_models/notebooks/eye/HOG_LBP_SVM_Eye_Deepfake_Colab_REVISED.ipynb,https://drive.google.com/file/d/1GtMbormjpFxYSxAh8YM8vcN-wkxpiWea/view
downloaded,Goz Kodlar,1KMyS1iek4aZ56YvIURR-YJ5yDQxoLFUE,370979,03_regional_models/notebooks/eye/Eye_SwinV2_Tiny_Baseline_Stabilized.ipynb,https://drive.google.com/file/d/1KMyS1iek4aZ56YvIURR-YJ5yDQxoLFUE/view
downloaded,Goz Kodlar,1GBoz6gI1IpY3tj8Suh2nHa4r64nSaSP_,887065,03_regional_models/notebooks/eye/Xception_Eye_Deepfake_Deney.ipynb,https://drive.google.com/file/d/1GBoz6gI1IpY3tj8Suh2nHa4r64nSaSP_/view
downloaded,Goz Kodlar,1ShWdZaFRiOJNlEvdUKAkPbxS_VES8kGt,561778,03_regional_models/notebooks/eye/Kader_Deney1_Eye_Xception_SSOT_v2.ipynb,https://drive.google.com/file/d/1ShWdZaFRiOJNlEvdUKAkPbxS_VES8kGt/view
downloaded,Goz Kodlar,1Vj6J9KmzSDe68qiDMrDZREES9saBTmEd,147298,03_regional_models/notebooks/eye/Swin-Tiny_Swin_LBP_GLCM_Gabor_Wavelet_Deney.ipynb,https://drive.google.com/file/d/1Vj6J9KmzSDe68qiDMrDZREES9saBTmEd/view
downloaded,Goz Kodlar,12n-NVuCkEIHZcDbc_MkGi8exITmxnIg0,109849,03_regional_models/notebooks/eye/Deney1_Eye_SwinV2_Tiny_Baseline_v2.ipynb,https://drive.google.com/file/d/12n-NVuCkEIHZcDbc_MkGi8exITmxnIg0/view
downloaded,Goz Kodlar,1o--qr_mmDwomaRRGaGeZXIXuRteD1GVb,210839,03_regional_models/notebooks/eye/VGG16_HOG_GIST_SVM_Deney.ipynb,https://drive.google.com/file/d/1o--qr_mmDwomaRRGaGeZXIXuRteD1GVb/view
downloaded,Goz Kodlar,1HD8qcDRzd_q3mfiXrF6TM--hsE97tZMn,388860,03_regional_models/notebooks/eye/Pupil_Segmentasyonu_Korneal_Yansima_FusionCNN_Deney.ipynb,https://drive.google.com/file/d/1HD8qcDRzd_q3mfiXrF6TM--hsE97tZMn/view
downloaded,Goz Kodlar,1QZkASejRyPGiv1ATdxmrRn_y_9V3KVBZ,111463,03_regional_models/notebooks/eye/Experiment_02_Eye_SwinV2_TextureFusion.ipynb,https://drive.google.com/file/d/1QZkASejRyPGiv1ATdxmrRn_y_9V3KVBZ/view
downloaded,Goz Kodlar,1iqaZAvHl43op-Cteg1b0qfGhjH_Ijizw,161401,03_regional_models/notebooks/eye/Deney_1_Pupil_Kornea_CNN_v2_Tam_Gorsellestirmeli.ipynb,https://drive.google.com/file/d/1iqaZAvHl43op-Cteg1b0qfGhjH_Ijizw/view
downloaded,Goz Kodlar,1Yv-0XLLd7JJarDXx_NlKoXjUY3TMHIzv,55418,02_roi_preprocessing/drive_outputs/eye/Goz_ROI_Cikarma.ipynb,https://drive.google.com/file/d/1Yv-0XLLd7JJarDXx_NlKoXjUY3TMHIzv/view
downloaded,Goz Kodlar,1JBnHiJj6mppI2h4-0LKPMBLxnjcfS_9Q,140303,01_data_splits/drive_exports/deney1_frame_secimi.ipynb,https://drive.google.com/file/d/1JBnHiJj6mppI2h4-0LKPMBLxnjcfS_9Q/view
downloaded,Goz Kodlar,1J7FyYiBySAk4DL8kKJyFztJQhAtOM2C6,88062,01_data_splits/drive_exports/deney1_frame_secimi_tasksapi_revize.ipynb,https://drive.google.com/file/d/1J7FyYiBySAk4DL8kKJyFztJQhAtOM2C6/view
downloaded,Goz Kodlar,1EgdPy10e4OaVKyx2jwrdYtO9JXq41fRi,23408,01_data_splits/drive_exports/deney1_frame_secimi_duzeltilmis.ipynb,https://drive.google.com/file/d/1EgdPy10e4OaVKyx2jwrdYtO9JXq41fRi/view
downloaded,Goz ROI output,1JlJf699Ja4DceQhhRd8hJqmu_8tEGDhD,2044382,02_roi_preprocessing/drive_outputs/eye/eye_roi_output/metadata.csv,https://drive.google.com/file/d/1JlJf699Ja4DceQhhRd8hJqmu_8tEGDhD/view
downloaded,Goz ROI output,14F8cxOOQEbRiAGRJ4xgCyEGQrq7CoXH7,696,02_roi_preprocessing/drive_outputs/eye/eye_roi_output/run_config.json,https://drive.google.com/file/d/14F8cxOOQEbRiAGRJ4xgCyEGQrq7CoXH7/view
downloaded,Goz Sonuclar,1L_sGILh-WuaNVspKENO_WqtO_itDHgkA,107,03_regional_models/drive_archives/eye/20260808_1214_eye_densenet121_seed42.zip.sha256,https://drive.google.com/file/d/1L_sGILh-WuaNVspKENO_WqtO_itDHgkA/view
skipped_large,Goz Sonuclar,1W9JInC-atMC75P5Mq5Jfv7rl3SD1noyF,215263815,03_regional_models/drive_archives/eye/20260808_1214_eye_densenet121_seed42.zip,https://drive.google.com/file/d/1W9JInC-atMC75P5Mq5Jfv7rl3SD1noyF/view
downloaded,Goz Sonuclar,13UDMn5jk9VzfPtwjgkngnEAmIYdg93xe,4228,06_metrics_tables/drive_outputs/eye_densenet121/artifact_manifest.csv,https://drive.google.com/file/d/13UDMn5jk9VzfPtwjgkngnEAmIYdg93xe/view
downloaded,Goz Sonuclar,19RBdwezZEv9cpMdgD3B2FE4Ws6BHTRsb,1817,06_metrics_tables/drive_outputs/eye_densenet121/final_audit.json,https://drive.google.com/file/d/19RBdwezZEv9cpMdgD3B2FE4Ws6BHTRsb/view
downloaded,Goz Sonuclar,1nwBysOm7An3MpbZh4pWDH_oAAWR2LfPl,1687,06_metrics_tables/drive_outputs/eye_densenet121/RUN_SUMMARY.txt,https://drive.google.com/file/d/1nwBysOm7An3MpbZh4pWDH_oAAWR2LfPl/view
downloaded,Goz Sonuclar,1Py6wH2uQt7Fs48vdhcpcoiiPRXMVo5gi,146,06_metrics_tables/drive_outputs/eye_densenet121/requirements_snapshot.txt,https://drive.google.com/file/d/1Py6wH2uQt7Fs48vdhcpcoiiPRXMVo5gi/view
downloaded,Goz Sonuclar,13c0NolZsQhYUG30ObWi0thdznyG4P97n,1979,06_metrics_tables/drive_outputs/eye_densenet121/config_resolved.yaml,https://drive.google.com/file/d/13c0NolZsQhYUG30ObWi0thdznyG4P97n/view
downloaded,Goz Sonuclar,10oaNEWha8fhiEwU2qs6XOwE0OxE5vxs5,938,06_metrics_tables/drive_outputs/eye_densenet121/metrics/figure_quality_audit.csv,https://drive.google.com/file/d/10oaNEWha8fhiEwU2qs6XOwE0OxE5vxs5/view
downloaded,Goz Sonuclar,1MwhE7ijwpQI44gyMOnUR61qcp0B71IBa,3755,06_metrics_tables/drive_outputs/eye_densenet121/metrics/final_evaluation_summary.json,https://drive.google.com/file/d/1MwhE7ijwpQI44gyMOnUR61qcp0B71IBa/view
downloaded,Goz Sonuclar,1JhLa07Ykl_fpyNbD6JsV_HJlNHQtLqft,374,06_metrics_tables/drive_outputs/eye_densenet121/metrics/validation_threshold.json,https://drive.google.com/file/d/1JhLa07Ykl_fpyNbD6JsV_HJlNHQtLqft/view
downloaded,Goz Sonuclar,1dH6mxY9OZtHZsI9nyYFTqWDQX95hUfxU,409,06_metrics_tables/drive_outputs/eye_densenet121/metrics/classification_report.csv,https://drive.google.com/file/d/1dH6mxY9OZtHZsI9nyYFTqWDQX95hUfxU/view
downloaded,Goz Sonuclar,1sIryI9XiwmG2bAY_g1vV99eXhXPi68na,387,06_metrics_tables/drive_outputs/eye_densenet121/metrics/default_threshold_metrics.csv,https://drive.google.com/file/d/1sIryI9XiwmG2bAY_g1vV99eXhXPi68na/view
downloaded,Goz Sonuclar,12GS4ON0QnxE-PPfB_9q_yonxfuONGOL5,274,06_metrics_tables/drive_outputs/eye_densenet121/metrics/final_source_level_metrics.csv,https://drive.google.com/file/d/12GS4ON0QnxE-PPfB_9q_yonxfuONGOL5/view
downloaded,Goz Sonuclar,1qPfxynkhIRJn_gdOn5Mg07A3vYlc3pT7,401,06_metrics_tables/drive_outputs/eye_densenet121/metrics/final_image_level_metrics.csv,https://drive.google.com/file/d/1qPfxynkhIRJn_gdOn5Mg07A3vYlc3pT7/view
downloaded,Goz Sonuclar,1_H4G4PHNEt1QYhPQPk_UPz104WU8oWRg,879,06_metrics_tables/drive_outputs/eye_densenet121/metrics/finetune_training_summary.json,https://drive.google.com/file/d/1_H4G4PHNEt1QYhPQPk_UPz104WU8oWRg/view
downloaded,Goz Sonuclar,1_J24raPK51dofFdEEZAEB86hll8ZWlLB,8436,06_metrics_tables/drive_outputs/eye_densenet121/metrics/combined_training_history.csv,https://drive.google.com/file/d/1_J24raPK51dofFdEEZAEB86hll8ZWlLB/view
downloaded,Goz Sonuclar,1iAphi_q_cW0nhT1e4C3QsUw5YJ4Fp7Wb,5345,06_metrics_tables/drive_outputs/eye_densenet121/metrics/finetune_training_history.csv,https://drive.google.com/file/d/1iAphi_q_cW0nhT1e4C3QsUw5YJ4Fp7Wb/view
downloaded,Goz Sonuclar,1Su3lR9fTOZMw14Q2mfDEAt_tP4Xl8jLW,704,06_metrics_tables/drive_outputs/eye_densenet121/metrics/frozen_training_summary.json,https://drive.google.com/file/d/1Su3lR9fTOZMw14Q2mfDEAt_tP4Xl8jLW/view
downloaded,Goz Sonuclar,1PN1abjzh-EDFzN-q6PvlNqCDn8bg1ZwG,3225,06_metrics_tables/drive_outputs/eye_densenet121/metrics/frozen_training_history.csv,https://drive.google.com/file/d/1PN1abjzh-EDFzN-q6PvlNqCDn8bg1ZwG/view
downloaded,Goz Sonuclar,11kPqJYrcJ1TutAaOToKOJ6QvrAtFmdAF,1251,06_metrics_tables/drive_outputs/eye_densenet121/metrics/smoke_test_report.json,https://drive.google.com/file/d/11kPqJYrcJ1TutAaOToKOJ6QvrAtFmdAF/view
downloaded,Goz Sonuclar,1S7JniypeqImRLTglbFpln-WcCTd6l9Bd,2432,06_metrics_tables/drive_outputs/eye_densenet121/metrics/model_summary.txt,https://drive.google.com/file/d/1S7JniypeqImRLTglbFpln-WcCTd6l9Bd/view
downloaded,Goz Raporlar,1kq-1cA9mzeD2Hcs-_mmOPYJSf0yurix7,603882,08_article/reports/eye/DenseNet121_Goz_Deney_Sonuc_Raporu_20260808.pdf,https://drive.google.com/file/d/1kq-1cA9mzeD2Hcs-_mmOPYJSf0yurix7/view
downloaded,Goz Raporlar,1uEZfS9mM4BrRA9coAJmu-Xy4VYUTfom_,341185,08_article/reports/eye/VGG16_SVM_Goz_Deney_Raporu.pdf,https://drive.google.com/file/d/1uEZfS9mM4BrRA9coAJmu-Xy4VYUTfom_/view
downloaded,Goz Raporlar,17_PuLcgayk8xSE0n-YfbDgwWAsLtwiq4,400909,08_article/reports/eye/EfficientNet_B0_Goz_ROI_Deney_Raporu.pdf,https://drive.google.com/file/d/17_PuLcgayk8xSE0n-YfbDgwWAsLtwiq4/view
downloaded,Goz Raporlar,13BRouPXF_l-mcD9fOZhn6__QvHJBusUM,837846,08_article/reports/eye/HOG_LBP_KAZE_SVM_RF_Deney_Raporu.pdf,https://drive.google.com/file/d/13BRouPXF_l-mcD9fOZhn6__QvHJBusUM/view
downloaded,Goz Raporlar,1MNpJbv4F7g7zI614-TmBFFxyt7js40ZO,739344,08_article/reports/eye/HOG_LBP_SVM_Goz_Deney_Raporu.pdf,https://drive.google.com/file/d/1MNpJbv4F7g7zI614-TmBFFxyt7js40ZO/view
downloaded,Goz Raporlar,16Eu1I2o-4-cM_4MbslFFT8KJlSIxNyAM,966020,08_article/reports/eye/Goz_SwinV2_Tiny_Deney_Raporu.pdf,https://drive.google.com/file/d/16Eu1I2o-4-cM_4MbslFFT8KJlSIxNyAM/view
downloaded,Goz Raporlar,1lT2m-xW1zcWq7XFj4x8hWW8pEKkWMT4o,933716,08_article/reports/eye/VGG16_HOG_GIST_RBF_SVM_Sonuc_Raporu.pdf,https://drive.google.com/file/d/1lT2m-xW1zcWq7XFj4x8hWW8pEKkWMT4o/view
downloaded,Goz Raporlar,1bbtjt1z8drGg342MRvzJhNbiKkbdgQhS,674675,08_article/reports/eye/Xception_Eye_Deepfake_Deney_Raporu.pdf,https://drive.google.com/file/d/1bbtjt1z8drGg342MRvzJhNbiKkbdgQhS/view
downloaded,Goz Raporlar,1SijAgMryN21yZvvKlg6AHXg4gWW2MpYw,779120,08_article/reports/eye/Swin-Tiny_Swin_V2_LBP_GLCM_Gabor_Wavelet_Deney_Raporu.pdf,https://drive.google.com/file/d/1SijAgMryN21yZvvKlg6AHXg4gWW2MpYw/view
downloaded,Goz Raporlar,1fkPshy4AOznOim6hKEueE0N20hCv8tbl,1540451,08_article/reports/eye/Pupil_Segmentasyonu_Korneal_Yansima_FusionCNN_Deney_Raporu.pdf,https://drive.google.com/file/d/1fkPshy4AOznOim6hKEueE0N20hCv8tbl/view
downloaded,Goz Raporlar,1ZVTYmhx6kr0qTlwP6iJQhSBMWuhNqsRo,52614,08_article/reports/eye/Goz_Uzerinden_Deepfake_Tespiti_Model_Onceliklendirme.pdf,https://drive.google.com/file/d/1ZVTYmhx6kr0qTlwP6iJQhSBMWuhNqsRo/view
downloaded,Goz Kod Aciklamalari,1rHs-EHMrLPZcQZTZJ8D8TAvUn3_DVZd3,238338,08_article/code_explanations/eye/DenseNet121_Goz_ROI_Kod_Aciklama_Raporu.pdf,https://drive.google.com/file/d/1rHs-EHMrLPZcQZTZJ8D8TAvUn3_DVZd3/view
downloaded,Goz Kod Aciklamalari,1lww-0fWoW55YNDEAlgbm0XHC5JXHojPB,249335,08_article/code_explanations/eye/VGG16_SVM_Goz_Kod_Aciklamasi.pdf,https://drive.google.com/file/d/1lww-0fWoW55YNDEAlgbm0XHC5JXHojPB/view
downloaded,Goz Kod Aciklamalari,1GcjtuOEbYw7zn7jLG-r4-OlFmMyZ1TyL,244291,08_article/code_explanations/eye/EfficientNet_B0_Goz_ROI_Kod_Aciklama_Raporu.pdf,https://drive.google.com/file/d/1GcjtuOEbYw7zn7jLG-r4-OlFmMyZ1TyL/view
downloaded,Goz Kod Aciklamalari,1IPXYmb3ITa2HvcP2pT_9hnnM0KwdIIf2,258304,08_article/code_explanations/eye/HOG_LBP_KAZE_SVM_RF_Goz_Kod_Aciklamasi.pdf,https://drive.google.com/file/d/1IPXYmb3ITa2HvcP2pT_9hnnM0KwdIIf2/view
downloaded,Goz Kod Aciklamalari,1aBAAPdaLIvNrUg0fM92_x6bqQIMi-mtt,215026,08_article/code_explanations/eye/HOG_LBP_SVM_Goz_Deepfake_Kod_Aciklamasi.pdf,https://drive.google.com/file/d/1aBAAPdaLIvNrUg0fM92_x6bqQIMi-mtt/view
downloaded,Goz Kod Aciklamalari,1LGIEY1WS8f6WnczZ6dHPWH9eYXM1wkYC,477155,08_article/code_explanations/eye/Goz_SwinV2_Tiny_Kod_Raporu.pdf,https://drive.google.com/file/d/1LGIEY1WS8f6WnczZ6dHPWH9eYXM1wkYC/view
downloaded,Goz Kod Aciklamalari,1WQFpNOkqt7n2FfnnEJKLuey2Ct1uaVJG,512237,08_article/code_explanations/eye/Xception_Eye_Deepfake_Kod_Aciklamalari.pdf,https://drive.google.com/file/d/1WQFpNOkqt7n2FfnnEJKLuey2Ct1uaVJG/view
downloaded,Goz Kod Aciklamalari,17IuhJUUF5XFNSmYwcVr_52uXjoha47Au,398116,08_article/code_explanations/eye/VGG16_HOG_GIST_SVM_Kod_Aciklamasi.pdf,https://drive.google.com/file/d/17IuhJUUF5XFNSmYwcVr_52uXjoha47Au/view
downloaded,Goz Kod Aciklamalari,18ds6DVSNe3VeWb1GffMT7ucbSxTDaUes,388812,08_article/code_explanations/eye/Pupil_Segmentasyonu_Korneal_Yansima_FusionCNN_Kod_Aciklamasi.pdf,https://drive.google.com/file/d/18ds6DVSNe3VeWb1GffMT7ucbSxTDaUes/view
downloaded,Goz Kod Aciklamalari,10e6IdfUPtGAUE7p3CSFHPbXd7kTbFHqi,457042,08_article/code_explanations/eye/Swin-Tiny_Swin_V2_LBP_GLCM_Gabor_Wavelet_Kod_Aciklamasi.pdf,https://drive.google.com/file/d/10e6IdfUPtGAUE7p3CSFHPbXd7kTbFHqi/view
downloaded,Goz Kod Aciklamalari,1omTiE1eoacYtDnJ6XZq-gArQYxGDtqi2,49578,08_article/code_explanations/eye/Goz_ROI_Cikarma_Kodu_Detayli_Teknik_Analiz.docx,https://drive.google.com/file/d/1omTiE1eoacYtDnJ6XZq-gArQYxGDtqi2/view
downloaded,Goz Kod Aciklamalari,1OLvV4mFDnr1u5hfNrtGvB1UUccQm1wCr,49685,08_article/code_explanations/eye/Deney1_Frame_Secimi_Tam_Feedback_ve_Fonksiyon_Analizi.docx,https://drive.google.com/file/d/1OLvV4mFDnr1u5hfNrtGvB1UUccQm1wCr/view
