epoch,learning_rate,train_loss,val_loss,train_accuracy,train_precision,train_recall,train_f1,train_specificity,train_roc_auc,train_average_precision,val_accuracy,val_precision,val_recall,val_f1,val_specificity,val_roc_auc,val_average_precision
1,0.0001,0.6937247794501635,0.6931167500359672,0.5032010243277849,0.5,0.4007731958762887,0.4449213161659514,0.6043256997455471,0.5116463038745049,0.5005200139213005,0.47058823529411764,0.4626865671641791,0.6326530612244898,0.5344827586206896,0.32075471698113206,0.5281093569503273,0.550920229841726
2,0.0001,0.6928941643967921,0.6977947524615696,0.5076824583866837,0.5047879616963065,0.47551546391752575,0.48971466489714666,0.539440203562341,0.5135120733978648,0.5054851077087841,0.4803921568627451,0.4803921568627451,1.0,0.6490066225165563,0.0,0.46972468232576053,0.4644843857791455
3,0.0001,0.6934496383277737,0.6937146697725568,0.5006402048655569,0.49851190476190477,0.8634020618556701,0.6320754716981132,0.14249363867684478,0.4952691757823771,0.487564513975289,0.4803921568627451,0.4803921568627451,1.0,0.6490066225165563,0.0,0.5482287254524452,0.550734033307326
4,0.0001,0.6933929701240695,0.6935740794454303,0.4871959026888604,0.4892334194659776,0.7319587628865979,0.586473928755808,0.2455470737913486,0.48775281340993154,0.4854120195271584,0.4803921568627451,0.4803921568627451,1.0,0.6490066225165563,0.0,0.5366769349249134,0.5509133931581126
5,5e-05,0.6930576124969794,0.6926623157092503,0.5089628681177977,0.5037783375314862,0.7731958762886598,0.6100660904931368,0.2480916030534351,0.5108076912987592,0.501806594775866,0.5294117647058824,0.5294117647058824,0.1836734693877551,0.2727272727272727,0.8490566037735849,0.5433192144782442,0.5501977101116493
6,5e-05,0.6929964496164905,0.6940688490867615,0.5172855313700384,0.5204460966542751,0.36082474226804123,0.426179604261796,0.6717557251908397,0.5164632026966764,0.5146873834092921,0.4803921568627451,0.4803921568627451,1.0,0.6490066225165563,0.0,0.5383134385829804,0.5617697251110065
7,5e-05,0.6930999695038309,0.6910376463617597,0.5025608194622279,0.49959709911361805,0.7989690721649485,0.6147744174516608,0.2099236641221374,0.5068630151360143,0.5055684400514376,0.5196078431372549,0.0,0.0,0.0,1.0,0.5332113977666539,0.5476077951511168
8,2.5e-05,0.6922793364038273,0.6875770773206439,0.5217669654289373,0.5376623376623376,0.2667525773195876,0.35658914728682173,0.7735368956743003,0.5429635240418667,0.5351249780457228,0.5196078431372549,0.0,0.0,0.0,1.0,0.5355217558721602,0.5505672284784795
9,2.5e-05,0.6921487499256523,0.6919473920549665,0.5326504481434059,0.5793103448275863,0.21649484536082475,0.3151969981238274,0.8447837150127226,0.5465204546050734,0.5455208979257576,0.5441176470588235,0.5294117647058824,0.45918367346938777,0.4918032786885246,0.6226415094339622,0.5456295725837506,0.5354499843575069
