fusion_key,p_eye,p_brow,p_mouth,label,fusion_probability_corrected
real_00002_face00,0.65380859375,0.63465625,0.7722802,0,0.7024422289603616
real_00003_face00,0.6025390625,0.89488345,0.17893429,0,0.48188714274965233
real_00004_face00,0.7509765625,0.91182107,0.8386489,0,0.8285913626773296
real_00005_face00,0.353515625,0.2578054,0.5773529,0,0.4312461172044506
real_00006_face00,0.471435546875,0.5923944,0.05968194,0,0.3153436130573714
real_00008_face00,0.685546875,0.6043636,0.78805083,0,0.7122588870292073
real_00009_face00,0.29736328125,0.52085257,0.1910284,0,0.30277603327885955
real_00010_face00,0.599609375,0.6237007,0.56516445,0,0.5898747363143255
real_00011_face00,0.2000732421875,0.2505442,0.24147257,0,0.23066327946679416
real_00013_face00,0.451171875,0.61965156,0.5106269,0,0.5179341951738526
real_00014_face00,0.294921875,0.43972963,0.115021914,0,0.2485942236706537
real_00015_face00,0.462158203125,0.4734257,0.15234706,0,0.3257461098911683
real_00016_face00,0.24365234375,0.46423593,0.70787364,0,0.5045291555417246
real_00018_face00,0.302001953125,0.10880524,0.4156833,0,0.3070919403668289
real_00019_face00,0.54638671875,0.15153985,0.25618932,0,0.32219404159735743
real_00020_face00,0.2135009765625,0.37632918,0.5624747,0,0.4089006159414117
real_00025_face00,0.54296875,0.8619349,0.7168846,0,0.6969092896801112
real_00027_face00,0.43896484375,0.75415677,0.10233378,0,0.36279420676842844
real_00029_face00,0.44775390625,0.6445644,0.6302768,0,0.5765063186752434
real_00031_face00,0.471923828125,0.19971965,0.023619711,0,0.2059162016057719
real_00032_face00,0.41748046875,0.83662605,0.701269,0,0.6445748112830321
real_00033_face00,0.402099609375,0.28743944,0.013946867,0,0.2005660986632128
real_00034_face00,0.3828125,0.3932483,0.13765119,0,0.2752275916995828
real_00036_face00,0.5361328125,0.24130549,0.42364877,0,0.4155134507941585
real_00038_face00,0.634765625,0.7940926,0.27803832,0,0.5125032309401948
real_00039_face00,0.428955078125,0.55603373,0.7331209,0,0.5957355743306676
real_00040_face00,0.3876953125,0.12957029,0.34265706,0,0.3060851222990264
real_00044_face00,0.443359375,0.33641514,0.3275081,0,0.36591256588317106
real_00046_face00,0.61279296875,0.8383573,0.93170357,0,0.8096161157976356
real_00048_face00,0.599609375,0.7340043,0.80807704,0,0.7251655564144646
real_00049_face00,0.436767578125,0.32184485,0.37162036,0,0.38018717684527115
real_00052_face00,0.6748046875,0.17549005,0.13639757,0,0.31433094543949924
real_00053_face00,0.2386474609375,0.21437137,0.06071648,0,0.15299053159544507
real_00054_face00,0.2322998046875,0.20313595,0.16858208,0,0.196757244630911
real_00055_face00,0.60791015625,0.84806573,0.8016125,0,0.7519904339603616
real_00056_face00,0.265380859375,0.6914394,0.033308223,0,0.2625198905641864
real_00057_face00,0.623046875,0.94700176,0.19757938,0,0.5090766078915161
real_00059_face00,0.52001953125,0.527176,0.4792347,0,0.5034109257267038
real_00060_face00,0.6083984375,0.7461058,0.8282352,0,0.7398466515785813
real_00061_face00,0.55615234375,0.80216384,0.6303308,0,0.6479642652190543
real_00064_face00,0.49462890625,0.7140232,0.15811518,0,0.39572736716481227
real_00069_face00,0.44921875,0.36762598,0.4148395,0,0.4143787144367177
real_00070_face00,0.8505859375,0.8727426,0.63863903,0,0.7607004403463142
real_00071_face00,0.448974609375,0.6698996,0.4679031,0,0.5100153467472184
real_00072_face00,0.34375,0.38530418,0.46098626,0,0.406266869969402
real_00073_face00,0.337646484375,0.47591233,0.23254971,0,0.3233463742687761
real_00076_face00,0.294189453125,0.29222718,0.14059518,0,0.2247655587312239
real_00078_face00,0.49072265625,0.59303874,0.1362707,0,0.3559228771731572
real_00080_face00,0.380859375,0.47536272,0.28097934,0,0.35849330642837274
real_00082_face00,0.44287109375,0.4259072,0.65297323,0,0.533163366003477
real_00083_face00,0.56005859375,0.73492134,0.54526174,0,0.5950031072663422
real_00085_face00,0.391845703125,0.48473763,0.13395286,0,0.29815545240855357
real_00086_face00,0.68603515625,0.9523178,0.49243256,0,0.6624460241383867
real_00087_face00,0.2509765625,0.41204783,0.27413774,0,0.2996825636675939
real_00088_face00,0.669921875,0.56292444,0.8695191,0,0.7340851891098747
real_00089_face00,0.60400390625,0.49719578,0.72354007,0,0.6322682790869263
real_00090_face00,0.5947265625,0.8326698,0.009490899,0,0.38857109857051464
real_00091_face00,0.370361328125,0.90508515,0.30256325,0,0.4670964517993742
real_00096_face00,0.7001953125,0.6508914,0.4243591,0,0.5646307806050069
real_00097_face00,0.286865234375,0.46427622,0.31651083,0,0.342368540090751
real_00098_face00,0.435546875,0.770862,0.31588697,0,0.4615728402865091
real_00099_face00,0.375732421875,0.23213498,0.18167913,0,0.2544590349794854
real_00101_face00,0.409423828125,0.6779934,0.29599625,0,0.42237372321801114
real_00102_face00,0.328369140625,0.11764325,0.43730462,0,0.327159468087274
real_00103_face00,0.61474609375,0.7651736,0.11475016,0,0.4260456989714882
real_00104_face00,0.47314453125,0.33991998,0.5061939,0,0.45629743523991656
real_00105_face00,0.498046875,0.61924124,0.091793284,0,0.34448022303922116
real_00106_face00,0.52099609375,0.9422404,0.19138303,0,0.4731987076446454
real_00107_face00,0.54052734375,0.5283766,0.43747446,0,0.4913712268435327
real_00108_face00,0.497314453125,0.59595656,0.4260189,0,0.48876590754346316
real_00110_face00,0.4501953125,0.6842693,0.14725319,0,0.36985725230458966
real_00111_face00,0.489013671875,0.58270746,0.7381487,0,0.6231477815385953
real_00114_face00,0.7685546875,0.9392878,0.96201175,0,0.8960140783379695
real_00115_face00,0.451904296875,0.49745938,0.61483186,0,0.5358861280170375
real_00117_face00,0.60400390625,0.7446864,0.9194102,0,0.7790662957545202
real_00119_face00,0.450439453125,0.87481225,0.48939845,0,0.5688590810205146
real_00120_face00,0.63330078125,0.8514689,0.13622454,0,0.4620219740605007
real_00121_face00,0.438232421875,0.23012178,0.650243,0,0.4839210099947844
real_00122_face00,0.251953125,0.21667933,0.06868379,0,0.16128391737413075
real_00123_face00,0.2958984375,0.07537712,0.19266072,0,0.19710249799860918
real_00125_face00,0.40234375,0.39049524,0.45634848,0,0.42377161040890127
real_00126_face00,0.28125,0.72757775,0.27776644,0,0.38583630331293467
real_00127_face00,0.482177734375,0.5358492,0.29060733,0,0.4089355842910292
real_00128_face00,0.5673828125,0.45813873,0.35317057,0,0.44522919638525726
real_00129_face00,0.42822265625,0.29951626,0.64966816,0,0.497031856321975
real_00130_face00,0.68994140625,0.7704271,0.5522145,0,0.6472499017906815
real_00132_face00,0.38525390625,0.71046937,0.3937057,0,0.4663944950173853
real_00133_face00,0.2386474609375,0.62255585,0.14640087,0,0.2885377738374479
real_00134_face00,0.320068359375,0.6362847,0.2802134,0,0.377381034424548
real_00137_face00,0.630859375,0.7583993,0.73141056,0,0.7063353829179415
real_00138_face00,0.392822265625,0.5300532,0.30246016,0,0.38489125322218365
real_00139_face00,0.427978515625,0.65674055,0.20732906,0,0.38332297126112663
real_00140_face00,0.63134765625,0.8743268,0.18961173,0,0.49081507848609185
real_00141_face00,0.362060546875,0.29139715,0.15290803,0,0.25135418621731576
real_00142_face00,0.6884765625,0.65091306,0.59415793,0,0.6371978232809458
real_00143_face00,0.5478515625,0.7811256,0.49833363,0,0.5810997847552156
real_00144_face00,0.317138671875,0.08818528,0.2029551,0,0.21142311274860917
real_00145_face00,0.6533203125,0.5825002,0.13930169,0,0.40570494312517386
real_00146_face00,0.65576171875,0.50463367,0.38333485,0,0.4975109683066759
real_00147_face00,0.54248046875,0.41289145,0.72813714,0,0.5950121116891516
real_00149_face00,0.62451171875,0.73403704,0.7908424,0,0.7252354653998608
fake_00000_face00,0.63916015625,0.7021196,0.78176624,1,0.7181578039770514
fake_00001_face00,0.88623046875,0.79266626,0.5605634,1,0.7177675904624479
fake_00002_face00,0.72509765625,0.14966391,0.7603665,1,0.6040762545166898
fake_00003_face00,0.5927734375,0.57433945,0.8594321,1,0.7081075187134909
fake_00005_face00,0.81689453125,0.87836426,0.7313768,1,0.7931201223052853
fake_00007_face00,0.422119140625,0.27360493,0.5596672,1,0.4485511066185675
fake_00009_face00,0.5166015625,0.5801985,0.90453905,1,0.7058940482823366
fake_00011_face00,0.3701171875,0.2311493,0.9144442,1,0.5814457700764951
fake_00013_face00,0.393798828125,0.67417663,0.29811874,1,0.4175249361554243
fake_00014_face00,0.62158203125,0.27004972,0.88698304,1,0.6571305992621697
fake_00015_face00,0.59619140625,0.4510121,0.59954107,1,0.5631672200048679
fake_00016_face00,0.70947265625,0.8795824,0.78278923,1,0.7828458915598053
fake_00017_face00,0.46923828125,0.9773039,0.18196781,1,0.4610996340827539
fake_00019_face00,0.67041015625,0.59319246,0.8381306,1,0.7273446947531292
fake_00020_face00,0.599609375,0.93559307,0.66373295,1,0.7083052051182197
fake_00024_face00,0.54638671875,0.66111535,0.8092118,1,0.6916697954833102
fake_00025_face00,0.6328125,0.33778816,0.85073805,1,0.660485942837274
fake_00026_face00,0.5380859375,0.4472924,0.42061594,1,0.463753517325452
fake_00027_face00,0.41796875,0.16358858,0.23957,1,0.27737608578581363
fake_00029_face00,0.88916015625,0.49465325,0.96785975,1,0.8306671769645341
fake_00030_face00,0.60400390625,0.8800823,0.67722917,1,0.7025387052343532
fake_00031_face00,0.425537109375,0.6556692,0.56384015,1,0.5423616003494437
fake_00033_face00,0.61328125,0.31715894,0.1842574,1,0.35024117518776077
fake_00034_face00,0.65625,0.9119258,0.7740093,1,0.7699263057579973
fake_00038_face00,0.5634765625,0.85806525,0.6324769,1,0.6645168608414465
fake_00040_face00,0.435546875,0.6373775,0.70989937,1,0.6067207585340751
fake_00041_face00,0.86181640625,0.8779508,0.70402503,1,0.79481212958484
fake_00043_face00,0.39892578125,0.42043975,0.1947704,1,0.3123854913873435
fake_00044_face00,0.4951171875,0.4242192,0.57705325,1,0.5150412558066759
fake_00048_face00,0.48876953125,0.785621,0.47089338,1,0.551344189849096
fake_00049_face00,0.783203125,0.7090323,0.6244327,1,0.6942819785952712
fake_00050_face00,0.95654296875,0.68932545,0.3113925,1,0.6033457962621697
fake_00051_face00,0.3232421875,0.03917023,0.9420723,1,0.5335093023574409
fake_00053_face00,0.84765625,0.22365272,0.71491385,1,0.6396536764951322
fake_00056_face00,0.41162109375,0.60453254,0.17017694,1,0.3491032696585536
fake_00057_face00,0.6083984375,0.3981772,0.7032911,1,0.6010041674617523
fake_00058_face00,0.70947265625,0.8998799,0.64277196,1,0.7248115351536857
fake_00061_face00,0.334228515625,0.19645916,0.2915382,1,0.2822966746018776
fake_00064_face00,0.51025390625,0.90185213,0.8526875,1,0.7571257564916551
fake_00068_face00,0.349609375,0.7964551,0.5512617,1,0.5464160363143254
fake_00073_face00,0.8115234375,0.8213688,0.8050987,1,0.8109805330806676
fake_00076_face00,0.482177734375,0.87606007,0.9309093,1,0.7773160219627956
fake_00077_face00,0.86865234375,0.8473946,0.34970796,1,0.6306129539645341
fake_00078_face00,0.425537109375,0.71368706,0.2560265,1,0.4179649492228791
fake_00079_face00,0.41357421875,0.73642725,0.3246884,1,0.4504525581815021
fake_00080_face00,0.8837890625,0.732112,0.78675807,1,0.8041529261070932
fake_00082_face00,0.67529296875,0.8265245,0.89753205,1,0.8110361777503476
fake_00083_face00,0.4150390625,0.86923885,0.89785147,1,0.7398234975535467
fake_00084_face00,0.3173828125,0.025242567,0.069617815,1,0.13666720307927677
fake_00085_face00,0.2203369140625,0.15208405,0.4224295,1,0.2948351713447497
fake_00086_face00,0.458251953125,0.4835878,0.48693368,1,0.4771544444335883
fake_00088_face00,0.5068359375,0.4162078,0.75822455,1,0.5981444668497913
fake_00089_face00,0.8125,0.75929886,0.5571335,1,0.6851986075938804
fake_00090_face00,0.58203125,0.6395035,0.2568904,1,0.4497256705424201
fake_00091_face00,0.564453125,0.6026099,0.989274,1,0.7642542195410291
fake_00093_face00,0.58203125,0.46204266,0.4452476,1,0.49208436389429766
fake_00094_face00,0.440185546875,0.5173066,0.67106473,1,0.5621820703758692
fake_00095_face00,0.3369140625,0.20175946,0.6251155,1,0.43416021965924895
fake_00097_face00,0.373291015625,0.67320573,0.86603904,1,0.6658424459815716
fake_00098_face00,0.73486328125,0.8948323,0.94799745,1,0.8685968165472879
fake_00099_face00,0.607421875,0.7748026,0.58536905,1,0.6373293187621697
fake_00100_face00,0.63720703125,0.5995523,0.75988656,1,0.6833294134986092
fake_00101_face00,0.6796875,0.7407169,0.78939575,1,0.7434564158553547
fake_00103_face00,0.50146484375,0.8716031,0.847278,1,0.7447501409075103
fake_00104_face00,0.51220703125,0.45144042,0.8498407,1,0.6493378487030599
fake_00107_face00,0.484619140625,0.5736793,0.7443154,1,0.6223927703598748
fake_00109_face00,0.61376953125,0.8336243,0.9762591,1,0.8287998487030599
fake_00113_face00,0.5068359375,0.5817813,0.97157806,1,0.7333093924798331
fake_00114_face00,0.2744140625,0.08946473,0.3762782,1,0.27616010940890123
fake_00115_face00,0.5927734375,0.8026521,0.6293646,1,0.6591168012586927
fake_00116_face00,0.39794921875,0.46066517,0.40566608,1,0.41632951148331016
fake_00117_face00,0.6640625,0.6458917,0.46388638,1,0.5698704856244784
fake_00118_face00,0.65966796875,0.44802722,0.8300345,1,0.6858206088769123
fake_00119_face00,0.515625,0.4379998,0.25805035,1,0.3815234614464534
fake_00120_face00,0.74755859375,0.9342812,0.79216504,1,0.8119932620646731
fake_00124_face00,0.57470703125,0.5944347,0.549509,1,0.5680860394123783
fake_00125_face00,0.677734375,0.6178647,0.8471983,1,0.7395775468567455
fake_00126_face00,0.5380859375,0.79971904,0.5909436,1,0.624041033442281
fake_00129_face00,0.650390625,0.5124979,0.5754244,1,0.5839389512795549
fake_00130_face00,0.78515625,0.8613037,0.67104226,1,0.7520341609568846
fake_00131_face00,0.442626953125,0.6202826,0.7566669,1,0.6258692486283032
fake_00132_face00,0.50634765625,0.4652445,0.40576532,1,0.45141494712586927
fake_00133_face00,0.5,0.3934146,0.70978093,1,0.5688333529958276
fake_00136_face00,0.381591796875,0.84501964,0.79568714,1,0.6777199442117524
fake_00137_face00,0.9169921875,0.7140142,0.53036785,1,0.6951402097426982
fake_00138_face00,0.478759765625,0.7883956,0.645098,1,0.6270792506519471
fake_00139_face00,0.310791015625,0.03557357,0.9171531,1,0.5175663948105007
fake_00140_face00,0.767578125,0.85749924,0.68756676,1,0.7530424393852573
fake_00141_face00,0.79150390625,0.3989588,0.5131468,1,0.5731744388421419
fake_00142_face00,0.8701171875,0.9184444,0.8880237,1,0.8896501159735745
fake_00143_face00,0.75146484375,0.8674787,0.9890167,1,0.8857069975973575
fake_00144_face00,0.58935546875,0.2099954,0.57376856,1,0.4921342922538247
fake_00146_face00,0.39501953125,0.3726463,0.5159859,1,0.4440071825556328
fake_00148_face00,0.75537109375,0.38297978,0.8233471,1,0.6973234444680111
fake_00149_face00,0.7294921875,0.4696153,0.26566926,1,0.4594490876954103
