epoch,accuracy,auc,loss,pr_auc,precision,recall,val_accuracy,val_auc,val_loss,val_pr_auc,val_precision,val_recall,stage
13,0.5917312502861023,0.6241410970687866,0.6686714291572571,0.6113894581794739,0.5875862240791321,0.5612648129463196,0.5422222018241882,0.5505390763282776,0.6845536231994629,0.5795555710792542,0.5547945499420166,0.680672287940979,finetune
14,0.5910852551460266,0.620669424533844,0.6702207326889038,0.6028812527656555,0.5826771855354309,0.5849802494049072,0.5377777814865112,0.5562469959259033,0.6843996047973633,0.5911450982093811,0.5581395626068115,0.605042040348053,finetune
15,0.6001291871070862,0.6285436153411865,0.6662871241569519,0.6059904098510742,0.5916230082511902,0.5955204367637634,0.5377777814865112,0.5610829591751099,0.6875323057174683,0.5909295678138733,0.5742574334144592,0.4873949587345123,finetune
16,0.6059431433677673,0.6423383951187134,0.6603081226348877,0.6302937269210815,0.6021947860717773,0.5783926248550415,0.5244444608688354,0.5729348063468933,0.6849152445793152,0.6040831804275513,0.5612244606018066,0.462184876203537,finetune
17,0.6124030947685242,0.6562750935554504,0.6514159440994263,0.646320641040802,0.6134093999862671,0.5665349364280701,0.5422222018241882,0.5752734541893005,0.6824070811271667,0.6086826324462891,0.5714285969734192,0.5378151535987854,finetune
18,0.5859172940254211,0.6250094175338745,0.6688852906227112,0.6108295321464539,0.5833333134651184,0.5441370010375977,0.5377777814865112,0.5736086964607239,0.6813178062438965,0.6070744395256042,0.5619834661483765,0.5714285969734192,finetune
19,0.6240310072898865,0.6675625443458557,0.6446970701217651,0.6649714112281799,0.6204081773757935,0.6007905006408691,0.5333333611488342,0.5746789574623108,0.6808195114135742,0.6077365279197693,0.5538461804389954,0.605042040348053,finetune
20,0.6104651093482971,0.6544056534767151,0.6535438895225525,0.6462046504020691,0.6117478609085083,0.5625823736190796,0.5377777814865112,0.5743618607521057,0.6798133850097656,0.6117314100265503,0.5531914830207825,0.6554622054100037,finetune
21,0.6350129246711731,0.6742721199989319,0.6460374593734741,0.6431888341903687,0.6296791434288025,0.6205533742904663,0.5333333611488342,0.5745996832847595,0.6798952221870422,0.6136589050292969,0.5507246255874634,0.6386554837226868,finetune
