relative_path,size_bytes,sha256,modified_at_utc
artifacts/feature_dimensions.json,322,ca7858565e6cb54afb1f4fe7a292080f53d79b934452931cd42f451ffe2e2486,2026-08-06T21:25:19+00:00
artifacts/feature_names.txt,4908,6b3a356df1b5fe061553417ae74257548eb5e2e10f00a28f7a8e8521b0bbc519,2026-08-06T21:25:19+00:00
artifacts/metadata_used.csv,1866858,cca5d91c875e0c05f955eb0223cb2df565001520f0d04b53939c046f5d63e0e7,2026-08-06T21:25:04+00:00
artifacts/model_architecture.json,14767,51609324306dc173f70cfc201bdc67d772decfc3f32b879463fa214600193f23,2026-08-06T22:33:25+00:00
artifacts/texture_feature_schema.json,282,611e3183c6ecbdfbab2cee61aef37fef6dae490a4adc0d4dcae92a65af84e3e7,2026-08-06T22:25:41+00:00
artifacts/texture_features_c68f21a30090.joblib,2134834,18454ecc66ed2976805294cc999e310c8cf635bb76ae366309f0cb9916f5db18,2026-08-06T22:25:38+00:00
artifacts/texture_features_test.npz,337842,f2ace5183ff155ae50ebb4a8434582de8461597a7622dde1fc3796fcbe6439cf,2026-08-06T22:25:41+00:00
artifacts/texture_features_train.npz,2679038,7ab30ef789e1eb6cc9e1c00c85cdecdf589bee23c3d49eb9cdc6448e1ee460d6,2026-08-06T22:25:41+00:00
artifacts/texture_features_val.npz,351718,bc34b9af1486ad7da5151e40798117d04e29cc322711e178874e41ace15cdd01,2026-08-06T22:25:41+00:00
artifacts/texture_manifest_c68f21a30090.csv,1876683,c370294dab3e578c174fe53000794e5340cec17cbfcc587ce80e9255a4857211,2026-08-06T22:25:38+00:00
artifacts/texture_scaler.joblib,6375,e857e18c6d8267915dacf5b62fa9770e519e4629bb8ec745b0e97ebee8750628,2026-08-06T22:25:41+00:00
checkpoints/best.ckpt,115976877,66a39b0e00a21672465a9944b1db585f519c8003ac491273caca60e12801b9ed,2026-08-06T22:34:57+00:00
checkpoints/last.ckpt,229649633,5a6edf631ff1a6ef875cf48f31047014d8a6995ebbe5cf9f71dd001af894d21a,2026-08-06T22:37:13+00:00
config_resolved.yaml,1973,75a9c6afaaee44cc110d0fb959b3837d2f5825f674561f796f400e6af9026291,2026-08-06T21:24:36+00:00
environment.json,524,732652a0a05d2bb2d0648debdc9049986a2a7fdc308ad28788c71248c8e8aa74,2026-08-06T21:24:36+00:00
figures/dataset_distribution.png,45753,c53fa11024a6ae6461185ee604de43958ac84d8da13bc1d7304e3b6286daedce,2026-08-06T21:25:14+00:00
figures/test_confusion_matrix_frame_level.png,38991,0a65b20eb02015ab5e46955647aca0821c10efd574bbc38036bb68ccbd82d781,2026-08-06T22:38:15+00:00
figures/test_confusion_matrix_video_level.png,37767,1d130557b945c7ba96701c6916a16f6d0778af81e824ad461942cdd35a8dcb6e,2026-08-06T22:38:21+00:00
figures/test_precision_recall_curve_frame_level.png,59143,f35ddd83bd06ff8dae59b49695a9d027b8148357d8dabdc1ff45727b52503a0f,2026-08-06T22:38:16+00:00
figures/test_precision_recall_curve_video_level.png,57976,37b113df5393b8546c66d2e9b48b3a02a4748d46b4379020ec5a32a645632c5d,2026-08-06T22:38:22+00:00
figures/test_probability_distribution_frame_level.png,34805,9055331fe0d5b4ea2139685d4891322fa8531d6e1750bf76d6f8fc8822e8a3f2,2026-08-06T22:38:16+00:00
figures/test_roc_curve_frame_level.png,64388,a6e9bf7590f0bc3d78cb1c6015aa44c86e9012065ac546b4d7593547d12c4ae1,2026-08-06T22:38:15+00:00
figures/test_roc_curve_video_level.png,62993,6102b8faa00aa927926b41a9eaa4c98274ab72d2c84ca2309a6734724db28aa3,2026-08-06T22:38:21+00:00
figures/training_f1_curve.png,75861,dacdf8770d2a6295b3a100b55c0def7e10a6f4e75523dec9acfea847588586d6,2026-08-06T22:38:15+00:00
figures/training_loss_curve.png,82273,e470c8471ab7058a555ec5bda3bd801a519890e23564342e1b8ece22a7294be2,2026-08-06T22:38:14+00:00
logs/pipeline.log,6555,13b505a370fe70f2ec667fc5521efe83daf054059e691b34909eaa458254cd40,2026-08-06T22:37:13+00:00
logs/training_history.csv,4869,3b5a536d330509326a77d41da3ff51beda84b0dde39c1a9b8b3fc2de9058516c,2026-08-06T22:37:12+00:00
metrics/ablation_results.csv,595,49cb62ed6ff171f60a85e8e462a55b6c956f6575c08c7ee45e1791c6f424bf3e,2026-08-06T22:37:26+00:00
metrics/data_accounting.json,354,f8ea7e1716b6c1f4506639c3894f2ab014c3b62f938e201d474e7c64fa10d8d3,2026-08-06T21:25:04+00:00
metrics/epoch_metrics.csv,4869,3b5a536d330509326a77d41da3ff51beda84b0dde39c1a9b8b3fc2de9058516c,2026-08-06T22:37:12+00:00
metrics/figure_quality_audit.csv,595,d3f27a8ab517537aac722362678259904e9199a81d0b5688428c1566ed76f772,2026-08-06T22:38:30+00:00
metrics/quality_gates.json,209,c384688a4caea981e72446690de36c9bfca025b097b639d4a9dca77e1db989fa,2026-08-06T22:38:30+00:00
metrics/quality_gates_initial.json,291,dceeb4c0322d2225f1d66a301b5340c28147068216fad64dba7f7294864ee7fb,2026-08-06T21:25:04+00:00
metrics/test_metrics_frame_level.json,557,9ddf636dad31dad20b309704f9dbd2f3b89c671c55fe60cb9c5ebb7a1d546f79,2026-08-06T22:37:16+00:00
metrics/test_metrics_summary.csv,418,a26100a0acad0da99b25e85e0d1aa72746ed57d29fe59655a4b18955f916f03a,2026-08-06T22:38:21+00:00
metrics/test_metrics_video_level.json,410,8f7641f20d4afcdf84dedf3512f171d234ce4d20f735c091afde98ee6db1aa3e,2026-08-06T22:38:21+00:00
metrics/validation_threshold_search.csv,4451,d1bc383f6a8629dbd6fc37ed0b853ca89643ddea554f1f541e6cdf67b0d6b209,2026-08-06T22:37:14+00:00
predictions/test_predictions_frame_level.csv,67267,9a98e590c3e78483e64f9ed52a4f37980ec77ceb02ff28a8fdee77db7a1d0531,2026-08-06T22:37:16+00:00
predictions/test_predictions_video_level.csv,23338,9ba638e9aec999888d4b79a3ac5681b465a757d326c9cd9560794fb222fe478f,2026-08-06T22:38:21+00:00
requirements_lock.txt,14001,18b79ab1cf1aaeb2dcec50fda07da8cd7fd749d6c34775b534dd984ed08b8bf8,2026-08-06T21:24:37+00:00
run_summary.json,2471,3dc8d5353b2db198dfbad91f2baf571e4b8ef12f61e43e2b276cbcaf6b153b0c,2026-08-06T22:38:30+00:00
