relative_path,label,split,kaze_keypoints
fake/test/fake_test_00000.jpg,1,test,4
fake/test/fake_test_00001.jpg,1,test,3
fake/test/fake_test_00002.jpg,1,test,11
fake/test/fake_test_00003.jpg,1,test,11
fake/test/fake_test_00005.jpg,1,test,4
fake/test/fake_test_00007.jpg,1,test,14
fake/test/fake_test_00009.jpg,1,test,2
fake/test/fake_test_00011.jpg,1,test,9
fake/test/fake_test_00013.jpg,1,test,17
fake/test/fake_test_00014.jpg,1,test,12
fake/test/fake_test_00015.jpg,1,test,35
fake/test/fake_test_00016.jpg,1,test,2
fake/test/fake_test_00017.jpg,1,test,1
fake/test/fake_test_00019.jpg,1,test,1
fake/test/fake_test_00020.jpg,1,test,1
fake/test/fake_test_00024.jpg,1,test,8
fake/test/fake_test_00025.jpg,1,test,11
fake/test/fake_test_00026.jpg,1,test,26
fake/test/fake_test_00027.jpg,1,test,0
fake/test/fake_test_00029.jpg,1,test,4
fake/test/fake_test_00030.jpg,1,test,5
fake/test/fake_test_00031.jpg,1,test,1
fake/test/fake_test_00033.jpg,1,test,8
fake/test/fake_test_00034.jpg,1,test,0
fake/test/fake_test_00038.jpg,1,test,4
fake/test/fake_test_00040.jpg,1,test,0
fake/test/fake_test_00041.jpg,1,test,11
fake/test/fake_test_00043.jpg,1,test,17
fake/test/fake_test_00044.jpg,1,test,97
fake/test/fake_test_00048.jpg,1,test,5
fake/test/fake_test_00049.jpg,1,test,3
fake/test/fake_test_00050.jpg,1,test,9
fake/test/fake_test_00051.jpg,1,test,9
fake/test/fake_test_00053.jpg,1,test,18
fake/test/fake_test_00056.jpg,1,test,18
fake/test/fake_test_00057.jpg,1,test,5
fake/test/fake_test_00058.jpg,1,test,5
fake/test/fake_test_00061.jpg,1,test,6
fake/test/fake_test_00064.jpg,1,test,11
fake/test/fake_test_00068.jpg,1,test,9
fake/test/fake_test_00073.jpg,1,test,8
fake/test/fake_test_00076.jpg,1,test,8
fake/test/fake_test_00077.jpg,1,test,3
fake/test/fake_test_00078.jpg,1,test,7
fake/test/fake_test_00079.jpg,1,test,28
fake/test/fake_test_00080.jpg,1,test,9
fake/test/fake_test_00082.jpg,1,test,3
fake/test/fake_test_00083.jpg,1,test,13
fake/test/fake_test_00084.jpg,1,test,12
fake/test/fake_test_00085.jpg,1,test,21
fake/test/fake_test_00086.jpg,1,test,4
fake/test/fake_test_00088.jpg,1,test,6
fake/test/fake_test_00089.jpg,1,test,8
fake/test/fake_test_00090.jpg,1,test,7
fake/test/fake_test_00091.jpg,1,test,14
fake/test/fake_test_00093.jpg,1,test,3
fake/test/fake_test_00094.jpg,1,test,2
fake/test/fake_test_00095.jpg,1,test,17
fake/test/fake_test_00097.jpg,1,test,3
fake/test/fake_test_00098.jpg,1,test,1
fake/test/fake_test_00099.jpg,1,test,0
fake/test/fake_test_00100.jpg,1,test,11
fake/test/fake_test_00101.jpg,1,test,6
fake/test/fake_test_00103.jpg,1,test,7
fake/test/fake_test_00104.jpg,1,test,9
fake/test/fake_test_00107.jpg,1,test,2
fake/test/fake_test_00109.jpg,1,test,3
fake/test/fake_test_00113.jpg,1,test,6
fake/test/fake_test_00114.jpg,1,test,10
fake/test/fake_test_00115.jpg,1,test,2
fake/test/fake_test_00116.jpg,1,test,13
fake/test/fake_test_00117.jpg,1,test,2
fake/test/fake_test_00118.jpg,1,test,9
fake/test/fake_test_00119.jpg,1,test,11
fake/test/fake_test_00120.jpg,1,test,1
fake/test/fake_test_00124.jpg,1,test,10
fake/test/fake_test_00125.jpg,1,test,4
fake/test/fake_test_00126.jpg,1,test,0
fake/test/fake_test_00129.jpg,1,test,6
fake/test/fake_test_00130.jpg,1,test,0
fake/test/fake_test_00131.jpg,1,test,8
fake/test/fake_test_00132.jpg,1,test,4
fake/test/fake_test_00133.jpg,1,test,9
fake/test/fake_test_00136.jpg,1,test,2
fake/test/fake_test_00137.jpg,1,test,3
fake/test/fake_test_00138.jpg,1,test,2
fake/test/fake_test_00139.jpg,1,test,12
fake/test/fake_test_00140.jpg,1,test,4
fake/test/fake_test_00141.jpg,1,test,1
fake/test/fake_test_00142.jpg,1,test,3
fake/test/fake_test_00143.jpg,1,test,2
fake/test/fake_test_00144.jpg,1,test,0
fake/test/fake_test_00146.jpg,1,test,3
fake/test/fake_test_00148.jpg,1,test,2
fake/test/fake_test_00149.jpg,1,test,10
real/test/real_test_00002.jpg,0,test,2
real/test/real_test_00003.jpg,0,test,4
real/test/real_test_00004.jpg,0,test,2
real/test/real_test_00005.jpg,0,test,14
real/test/real_test_00006.jpg,0,test,4
real/test/real_test_00008.jpg,0,test,4
real/test/real_test_00009.jpg,0,test,18
real/test/real_test_00010.jpg,0,test,6
real/test/real_test_00011.jpg,0,test,14
real/test/real_test_00013.jpg,0,test,0
real/test/real_test_00014.jpg,0,test,19
real/test/real_test_00015.jpg,0,test,7
real/test/real_test_00016.jpg,0,test,10
real/test/real_test_00018.jpg,0,test,8
real/test/real_test_00019.jpg,0,test,11
real/test/real_test_00020.jpg,0,test,27
real/test/real_test_00025.jpg,0,test,3
real/test/real_test_00027.jpg,0,test,0
real/test/real_test_00029.jpg,0,test,5
real/test/real_test_00031.jpg,0,test,13
real/test/real_test_00032.jpg,0,test,2
real/test/real_test_00033.jpg,0,test,16
real/test/real_test_00034.jpg,0,test,29
real/test/real_test_00036.jpg,0,test,2
real/test/real_test_00038.jpg,0,test,3
real/test/real_test_00039.jpg,0,test,1
real/test/real_test_00040.jpg,0,test,12
real/test/real_test_00044.jpg,0,test,25
real/test/real_test_00046.jpg,0,test,6
real/test/real_test_00048.jpg,0,test,2
real/test/real_test_00049.jpg,0,test,5
real/test/real_test_00052.jpg,0,test,20
real/test/real_test_00053.jpg,0,test,7
real/test/real_test_00054.jpg,0,test,22
real/test/real_test_00055.jpg,0,test,7
real/test/real_test_00056.jpg,0,test,16
real/test/real_test_00057.jpg,0,test,4
real/test/real_test_00059.jpg,0,test,5
real/test/real_test_00060.jpg,0,test,4
real/test/real_test_00061.jpg,0,test,2
real/test/real_test_00064.jpg,0,test,7
real/test/real_test_00069.jpg,0,test,8
real/test/real_test_00070.jpg,0,test,0
real/test/real_test_00071.jpg,0,test,24
real/test/real_test_00072.jpg,0,test,27
real/test/real_test_00073.jpg,0,test,11
real/test/real_test_00076.jpg,0,test,39
real/test/real_test_00078.jpg,0,test,6
real/test/real_test_00080.jpg,0,test,8
real/test/real_test_00082.jpg,0,test,2
real/test/real_test_00083.jpg,0,test,10
real/test/real_test_00085.jpg,0,test,20
real/test/real_test_00086.jpg,0,test,0
real/test/real_test_00087.jpg,0,test,13
real/test/real_test_00088.jpg,0,test,3
real/test/real_test_00089.jpg,0,test,5
real/test/real_test_00090.jpg,0,test,12
real/test/real_test_00091.jpg,0,test,7
real/test/real_test_00096.jpg,0,test,21
real/test/real_test_00097.jpg,0,test,20
real/test/real_test_00098.jpg,0,test,6
real/test/real_test_00099.jpg,0,test,9
real/test/real_test_00101.jpg,0,test,2
real/test/real_test_00102.jpg,0,test,6
real/test/real_test_00103.jpg,0,test,31
real/test/real_test_00104.jpg,0,test,12
real/test/real_test_00105.jpg,0,test,8
real/test/real_test_00106.jpg,0,test,18
real/test/real_test_00107.jpg,0,test,0
real/test/real_test_00108.jpg,0,test,6
real/test/real_test_00110.jpg,0,test,23
real/test/real_test_00111.jpg,0,test,12
real/test/real_test_00114.jpg,0,test,6
real/test/real_test_00115.jpg,0,test,1
real/test/real_test_00117.jpg,0,test,7
real/test/real_test_00119.jpg,0,test,32
real/test/real_test_00120.jpg,0,test,21
real/test/real_test_00121.jpg,0,test,7
real/test/real_test_00122.jpg,0,test,11
real/test/real_test_00123.jpg,0,test,7
real/test/real_test_00125.jpg,0,test,11
real/test/real_test_00126.jpg,0,test,9
real/test/real_test_00127.jpg,0,test,3
real/test/real_test_00128.jpg,0,test,6
real/test/real_test_00129.jpg,0,test,10
real/test/real_test_00130.jpg,0,test,2
real/test/real_test_00132.jpg,0,test,11
real/test/real_test_00133.jpg,0,test,23
real/test/real_test_00134.jpg,0,test,12
real/test/real_test_00137.jpg,0,test,2
real/test/real_test_00138.jpg,0,test,24
real/test/real_test_00139.jpg,0,test,0
real/test/real_test_00140.jpg,0,test,4
real/test/real_test_00141.jpg,0,test,9
real/test/real_test_00142.jpg,0,test,19
real/test/real_test_00143.jpg,0,test,2
real/test/real_test_00144.jpg,0,test,5
real/test/real_test_00145.jpg,0,test,4
real/test/real_test_00146.jpg,0,test,11
real/test/real_test_00147.jpg,0,test,1
real/test/real_test_00149.jpg,0,test,4
fake/train/fake_train_00003.jpg,1,train,2
fake/train/fake_train_00004.jpg,1,train,4
fake/train/fake_train_00005.jpg,1,train,1
fake/train/fake_train_00009.jpg,1,train,17
fake/train/fake_train_00011.jpg,1,train,8
fake/train/fake_train_00012.jpg,1,train,1
fake/train/fake_train_00013.jpg,1,train,10
fake/train/fake_train_00014.jpg,1,train,3
fake/train/fake_train_00016.jpg,1,train,6
fake/train/fake_train_00018.jpg,1,train,7
fake/train/fake_train_00021.jpg,1,train,4
fake/train/fake_train_00023.jpg,1,train,1
fake/train/fake_train_00024.jpg,1,train,3
fake/train/fake_train_00025.jpg,1,train,2
fake/train/fake_train_00026.jpg,1,train,6
fake/train/fake_train_00027.jpg,1,train,7
fake/train/fake_train_00032.jpg,1,train,18
fake/train/fake_train_00034.jpg,1,train,12
fake/train/fake_train_00035.jpg,1,train,5
fake/train/fake_train_00037.jpg,1,train,1
fake/train/fake_train_00038.jpg,1,train,5
fake/train/fake_train_00040.jpg,1,train,3
fake/train/fake_train_00041.jpg,1,train,1
fake/train/fake_train_00042.jpg,1,train,1
fake/train/fake_train_00043.jpg,1,train,7
fake/train/fake_train_00045.jpg,1,train,14
fake/train/fake_train_00049.jpg,1,train,5
fake/train/fake_train_00050.jpg,1,train,2
fake/train/fake_train_00051.jpg,1,train,13
fake/train/fake_train_00052.jpg,1,train,9
fake/train/fake_train_00054.jpg,1,train,3
fake/train/fake_train_00055.jpg,1,train,7
fake/train/fake_train_00056.jpg,1,train,4
fake/train/fake_train_00057.jpg,1,train,3
fake/train/fake_train_00059.jpg,1,train,0
fake/train/fake_train_00060.jpg,1,train,5
fake/train/fake_train_00061.jpg,1,train,1
fake/train/fake_train_00063.jpg,1,train,1
fake/train/fake_train_00064.jpg,1,train,0
fake/train/fake_train_00066.jpg,1,train,17
fake/train/fake_train_00067.jpg,1,train,1
fake/train/fake_train_00068.jpg,1,train,3
fake/train/fake_train_00069.jpg,1,train,3
fake/train/fake_train_00071.jpg,1,train,2
fake/train/fake_train_00073.jpg,1,train,1
fake/train/fake_train_00074.jpg,1,train,4
fake/train/fake_train_00075.jpg,1,train,3
fake/train/fake_train_00076.jpg,1,train,11
fake/train/fake_train_00077.jpg,1,train,20
fake/train/fake_train_00078.jpg,1,train,2
fake/train/fake_train_00079.jpg,1,train,3
fake/train/fake_train_00082.jpg,1,train,4
fake/train/fake_train_00083.jpg,1,train,14
fake/train/fake_train_00088.jpg,1,train,5
fake/train/fake_train_00090.jpg,1,train,13
fake/train/fake_train_00091.jpg,1,train,11
fake/train/fake_train_00092.jpg,1,train,6
fake/train/fake_train_00093.jpg,1,train,3
fake/train/fake_train_00094.jpg,1,train,5
fake/train/fake_train_00098.jpg,1,train,0
fake/train/fake_train_00100.jpg,1,train,8
fake/train/fake_train_00101.jpg,1,train,3
fake/train/fake_train_00102.jpg,1,train,3
fake/train/fake_train_00103.jpg,1,train,0
fake/train/fake_train_00104.jpg,1,train,32
fake/train/fake_train_00105.jpg,1,train,5
fake/train/fake_train_00108.jpg,1,train,2
fake/train/fake_train_00111.jpg,1,train,4
fake/train/fake_train_00112.jpg,1,train,4
fake/train/fake_train_00113.jpg,1,train,25
fake/train/fake_train_00114.jpg,1,train,9
fake/train/fake_train_00115.jpg,1,train,9
fake/train/fake_train_00117.jpg,1,train,2
fake/train/fake_train_00118.jpg,1,train,1
fake/train/fake_train_00120.jpg,1,train,10
fake/train/fake_train_00122.jpg,1,train,6
fake/train/fake_train_00124.jpg,1,train,14
fake/train/fake_train_00125.jpg,1,train,6
fake/train/fake_train_00126.jpg,1,train,1
fake/train/fake_train_00127.jpg,1,train,7
fake/train/fake_train_00128.jpg,1,train,11
fake/train/fake_train_00131.jpg,1,train,8
fake/train/fake_train_00133.jpg,1,train,14
fake/train/fake_train_00134.jpg,1,train,7
fake/train/fake_train_00135.jpg,1,train,17
fake/train/fake_train_00136.jpg,1,train,1
fake/train/fake_train_00138.jpg,1,train,18
fake/train/fake_train_00139.jpg,1,train,1
fake/train/fake_train_00140.jpg,1,train,8
fake/train/fake_train_00142.jpg,1,train,16
fake/train/fake_train_00143.jpg,1,train,2
fake/train/fake_train_00144.jpg,1,train,4
fake/train/fake_train_00147.jpg,1,train,9
fake/train/fake_train_00148.jpg,1,train,8
fake/train/fake_train_00150.jpg,1,train,9
fake/train/fake_train_00151.jpg,1,train,15
fake/train/fake_train_00154.jpg,1,train,0
fake/train/fake_train_00155.jpg,1,train,1
fake/train/fake_train_00160.jpg,1,train,3
fake/train/fake_train_00162.jpg,1,train,3
fake/train/fake_train_00163.jpg,1,train,0
fake/train/fake_train_00164.jpg,1,train,4
fake/train/fake_train_00165.jpg,1,train,4
fake/train/fake_train_00169.jpg,1,train,3
fake/train/fake_train_00170.jpg,1,train,9
fake/train/fake_train_00172.jpg,1,train,9
fake/train/fake_train_00173.jpg,1,train,2
fake/train/fake_train_00174.jpg,1,train,2
fake/train/fake_train_00176.jpg,1,train,68
fake/train/fake_train_00177.jpg,1,train,8
fake/train/fake_train_00179.jpg,1,train,5
fake/train/fake_train_00180.jpg,1,train,0
fake/train/fake_train_00181.jpg,1,train,3
fake/train/fake_train_00183.jpg,1,train,1
fake/train/fake_train_00185.jpg,1,train,14
fake/train/fake_train_00186.jpg,1,train,7
fake/train/fake_train_00189.jpg,1,train,7
fake/train/fake_train_00191.jpg,1,train,1
fake/train/fake_train_00192.jpg,1,train,18
fake/train/fake_train_00195.jpg,1,train,11
fake/train/fake_train_00197.jpg,1,train,1
fake/train/fake_train_00198.jpg,1,train,18
fake/train/fake_train_00201.jpg,1,train,4
fake/train/fake_train_00202.jpg,1,train,0
fake/train/fake_train_00203.jpg,1,train,5
fake/train/fake_train_00204.jpg,1,train,4
fake/train/fake_train_00206.jpg,1,train,2
fake/train/fake_train_00207.jpg,1,train,2
fake/train/fake_train_00209.jpg,1,train,0
fake/train/fake_train_00211.jpg,1,train,4
fake/train/fake_train_00212.jpg,1,train,1
fake/train/fake_train_00213.jpg,1,train,0
fake/train/fake_train_00215.jpg,1,train,1
fake/train/fake_train_00216.jpg,1,train,2
fake/train/fake_train_00218.jpg,1,train,3
fake/train/fake_train_00219.jpg,1,train,9
fake/train/fake_train_00220.jpg,1,train,18
fake/train/fake_train_00222.jpg,1,train,15
fake/train/fake_train_00224.jpg,1,train,3
fake/train/fake_train_00225.jpg,1,train,1
fake/train/fake_train_00227.jpg,1,train,7
fake/train/fake_train_00228.jpg,1,train,0
fake/train/fake_train_00229.jpg,1,train,10
fake/train/fake_train_00231.jpg,1,train,2
fake/train/fake_train_00232.jpg,1,train,30
fake/train/fake_train_00233.jpg,1,train,4
fake/train/fake_train_00236.jpg,1,train,4
fake/train/fake_train_00237.jpg,1,train,58
fake/train/fake_train_00238.jpg,1,train,0
fake/train/fake_train_00239.jpg,1,train,7
fake/train/fake_train_00241.jpg,1,train,4
fake/train/fake_train_00242.jpg,1,train,2
fake/train/fake_train_00243.jpg,1,train,3
fake/train/fake_train_00244.jpg,1,train,12
fake/train/fake_train_00245.jpg,1,train,4
fake/train/fake_train_00246.jpg,1,train,10
fake/train/fake_train_00247.jpg,1,train,25
fake/train/fake_train_00249.jpg,1,train,5
fake/train/fake_train_00250.jpg,1,train,10
fake/train/fake_train_00252.jpg,1,train,12
fake/train/fake_train_00253.jpg,1,train,11
fake/train/fake_train_00255.jpg,1,train,2
fake/train/fake_train_00257.jpg,1,train,1
fake/train/fake_train_00260.jpg,1,train,4
fake/train/fake_train_00262.jpg,1,train,9
fake/train/fake_train_00263.jpg,1,train,4
fake/train/fake_train_00264.jpg,1,train,2
fake/train/fake_train_00266.jpg,1,train,2
fake/train/fake_train_00267.jpg,1,train,10
fake/train/fake_train_00268.jpg,1,train,0
fake/train/fake_train_00271.jpg,1,train,5
fake/train/fake_train_00272.jpg,1,train,0
fake/train/fake_train_00273.jpg,1,train,0
fake/train/fake_train_00274.jpg,1,train,8
fake/train/fake_train_00275.jpg,1,train,4
fake/train/fake_train_00276.jpg,1,train,3
fake/train/fake_train_00278.jpg,1,train,7
fake/train/fake_train_00279.jpg,1,train,1
fake/train/fake_train_00280.jpg,1,train,8
fake/train/fake_train_00281.jpg,1,train,1
fake/train/fake_train_00283.jpg,1,train,9
fake/train/fake_train_00285.jpg,1,train,15
fake/train/fake_train_00286.jpg,1,train,2
fake/train/fake_train_00288.jpg,1,train,13
fake/train/fake_train_00290.jpg,1,train,20
fake/train/fake_train_00292.jpg,1,train,6
fake/train/fake_train_00297.jpg,1,train,2
fake/train/fake_train_00298.jpg,1,train,5
fake/train/fake_train_00300.jpg,1,train,8
fake/train/fake_train_00301.jpg,1,train,10
fake/train/fake_train_00302.jpg,1,train,5
fake/train/fake_train_00303.jpg,1,train,1
fake/train/fake_train_00305.jpg,1,train,4
fake/train/fake_train_00306.jpg,1,train,4
fake/train/fake_train_00307.jpg,1,train,10
fake/train/fake_train_00310.jpg,1,train,12
fake/train/fake_train_00311.jpg,1,train,9
fake/train/fake_train_00312.jpg,1,train,0
fake/train/fake_train_00313.jpg,1,train,5
fake/train/fake_train_00314.jpg,1,train,2
fake/train/fake_train_00315.jpg,1,train,1
fake/train/fake_train_00317.jpg,1,train,28
fake/train/fake_train_00318.jpg,1,train,0
fake/train/fake_train_00320.jpg,1,train,10
fake/train/fake_train_00321.jpg,1,train,11
fake/train/fake_train_00322.jpg,1,train,5
fake/train/fake_train_00323.jpg,1,train,8
fake/train/fake_train_00325.jpg,1,train,6
fake/train/fake_train_00326.jpg,1,train,0
fake/train/fake_train_00327.jpg,1,train,29
fake/train/fake_train_00329.jpg,1,train,6
fake/train/fake_train_00331.jpg,1,train,1
fake/train/fake_train_00333.jpg,1,train,0
fake/train/fake_train_00334.jpg,1,train,1
fake/train/fake_train_00335.jpg,1,train,2
fake/train/fake_train_00336.jpg,1,train,3
fake/train/fake_train_00337.jpg,1,train,16
fake/train/fake_train_00340.jpg,1,train,10
fake/train/fake_train_00342.jpg,1,train,5
fake/train/fake_train_00344.jpg,1,train,0
fake/train/fake_train_00345.jpg,1,train,15
fake/train/fake_train_00347.jpg,1,train,3
fake/train/fake_train_00348.jpg,1,train,7
fake/train/fake_train_00351.jpg,1,train,5
fake/train/fake_train_00352.jpg,1,train,4
fake/train/fake_train_00356.jpg,1,train,36
fake/train/fake_train_00357.jpg,1,train,2
fake/train/fake_train_00358.jpg,1,train,3
fake/train/fake_train_00359.jpg,1,train,15
fake/train/fake_train_00360.jpg,1,train,7
fake/train/fake_train_00361.jpg,1,train,1
fake/train/fake_train_00362.jpg,1,train,1
fake/train/fake_train_00363.jpg,1,train,3
fake/train/fake_train_00364.jpg,1,train,15
fake/train/fake_train_00365.jpg,1,train,1
fake/train/fake_train_00367.jpg,1,train,5
fake/train/fake_train_00368.jpg,1,train,6
fake/train/fake_train_00369.jpg,1,train,22
fake/train/fake_train_00371.jpg,1,train,0
fake/train/fake_train_00372.jpg,1,train,9
fake/train/fake_train_00373.jpg,1,train,17
fake/train/fake_train_00375.jpg,1,train,13
fake/train/fake_train_00377.jpg,1,train,5
fake/train/fake_train_00378.jpg,1,train,18
fake/train/fake_train_00380.jpg,1,train,0
fake/train/fake_train_00382.jpg,1,train,6
fake/train/fake_train_00383.jpg,1,train,3
fake/train/fake_train_00384.jpg,1,train,2
fake/train/fake_train_00387.jpg,1,train,3
fake/train/fake_train_00389.jpg,1,train,5
fake/train/fake_train_00390.jpg,1,train,4
fake/train/fake_train_00392.jpg,1,train,2
fake/train/fake_train_00393.jpg,1,train,3
fake/train/fake_train_00395.jpg,1,train,25
fake/train/fake_train_00397.jpg,1,train,21
fake/train/fake_train_00401.jpg,1,train,18
fake/train/fake_train_00402.jpg,1,train,5
fake/train/fake_train_00403.jpg,1,train,5
fake/train/fake_train_00404.jpg,1,train,1
fake/train/fake_train_00405.jpg,1,train,0
fake/train/fake_train_00406.jpg,1,train,6
fake/train/fake_train_00407.jpg,1,train,2
fake/train/fake_train_00409.jpg,1,train,12
fake/train/fake_train_00410.jpg,1,train,5
fake/train/fake_train_00411.jpg,1,train,0
fake/train/fake_train_00412.jpg,1,train,8
fake/train/fake_train_00413.jpg,1,train,1
fake/train/fake_train_00414.jpg,1,train,5
fake/train/fake_train_00416.jpg,1,train,18
fake/train/fake_train_00417.jpg,1,train,3
fake/train/fake_train_00419.jpg,1,train,5
fake/train/fake_train_00420.jpg,1,train,2
fake/train/fake_train_00421.jpg,1,train,0
fake/train/fake_train_00422.jpg,1,train,27
fake/train/fake_train_00423.jpg,1,train,3
fake/train/fake_train_00425.jpg,1,train,7
fake/train/fake_train_00427.jpg,1,train,1
fake/train/fake_train_00429.jpg,1,train,8
fake/train/fake_train_00430.jpg,1,train,7
fake/train/fake_train_00431.jpg,1,train,8
fake/train/fake_train_00432.jpg,1,train,3
fake/train/fake_train_00433.jpg,1,train,1
fake/train/fake_train_00434.jpg,1,train,16
fake/train/fake_train_00436.jpg,1,train,2
fake/train/fake_train_00437.jpg,1,train,5
fake/train/fake_train_00438.jpg,1,train,0
fake/train/fake_train_00439.jpg,1,train,1
fake/train/fake_train_00440.jpg,1,train,9
fake/train/fake_train_00441.jpg,1,train,2
fake/train/fake_train_00442.jpg,1,train,15
fake/train/fake_train_00443.jpg,1,train,3
fake/train/fake_train_00444.jpg,1,train,2
fake/train/fake_train_00445.jpg,1,train,1
fake/train/fake_train_00446.jpg,1,train,14
fake/train/fake_train_00451.jpg,1,train,6
fake/train/fake_train_00454.jpg,1,train,6
fake/train/fake_train_00457.jpg,1,train,5
fake/train/fake_train_00461.jpg,1,train,0
fake/train/fake_train_00464.jpg,1,train,2
fake/train/fake_train_00465.jpg,1,train,1
fake/train/fake_train_00466.jpg,1,train,1
fake/train/fake_train_00467.jpg,1,train,4
fake/train/fake_train_00470.jpg,1,train,5
fake/train/fake_train_00471.jpg,1,train,0
fake/train/fake_train_00472.jpg,1,train,4
fake/train/fake_train_00474.jpg,1,train,10
fake/train/fake_train_00475.jpg,1,train,6
fake/train/fake_train_00477.jpg,1,train,33
fake/train/fake_train_00478.jpg,1,train,2
fake/train/fake_train_00479.jpg,1,train,17
fake/train/fake_train_00481.jpg,1,train,11
fake/train/fake_train_00482.jpg,1,train,8
fake/train/fake_train_00484.jpg,1,train,3
fake/train/fake_train_00486.jpg,1,train,8
fake/train/fake_train_00487.jpg,1,train,0
fake/train/fake_train_00490.jpg,1,train,13
fake/train/fake_train_00493.jpg,1,train,4
fake/train/fake_train_00494.jpg,1,train,6
fake/train/fake_train_00495.jpg,1,train,11
fake/train/fake_train_00496.jpg,1,train,2
fake/train/fake_train_00497.jpg,1,train,4
fake/train/fake_train_00498.jpg,1,train,0
fake/train/fake_train_00499.jpg,1,train,2
fake/train/fake_train_00500.jpg,1,train,5
fake/train/fake_train_00501.jpg,1,train,7
fake/train/fake_train_00503.jpg,1,train,2
fake/train/fake_train_00504.jpg,1,train,0
fake/train/fake_train_00505.jpg,1,train,23
fake/train/fake_train_00507.jpg,1,train,2
fake/train/fake_train_00508.jpg,1,train,3
fake/train/fake_train_00515.jpg,1,train,6
fake/train/fake_train_00516.jpg,1,train,0
fake/train/fake_train_00517.jpg,1,train,12
fake/train/fake_train_00519.jpg,1,train,7
fake/train/fake_train_00521.jpg,1,train,2
fake/train/fake_train_00522.jpg,1,train,15
fake/train/fake_train_00524.jpg,1,train,34
fake/train/fake_train_00525.jpg,1,train,9
fake/train/fake_train_00528.jpg,1,train,4
fake/train/fake_train_00530.jpg,1,train,5
fake/train/fake_train_00531.jpg,1,train,4
fake/train/fake_train_00533.jpg,1,train,1
fake/train/fake_train_00534.jpg,1,train,24
fake/train/fake_train_00536.jpg,1,train,17
fake/train/fake_train_00537.jpg,1,train,1
fake/train/fake_train_00539.jpg,1,train,10
fake/train/fake_train_00540.jpg,1,train,2
fake/train/fake_train_00543.jpg,1,train,6
fake/train/fake_train_00544.jpg,1,train,2
fake/train/fake_train_00545.jpg,1,train,3
fake/train/fake_train_00546.jpg,1,train,0
fake/train/fake_train_00547.jpg,1,train,6
fake/train/fake_train_00548.jpg,1,train,32
fake/train/fake_train_00549.jpg,1,train,6
fake/train/fake_train_00551.jpg,1,train,24
fake/train/fake_train_00552.jpg,1,train,0
fake/train/fake_train_00556.jpg,1,train,6
fake/train/fake_train_00557.jpg,1,train,5
fake/train/fake_train_00558.jpg,1,train,5
fake/train/fake_train_00559.jpg,1,train,38
fake/train/fake_train_00560.jpg,1,train,15
fake/train/fake_train_00564.jpg,1,train,14
fake/train/fake_train_00567.jpg,1,train,3
fake/train/fake_train_00570.jpg,1,train,1
fake/train/fake_train_00571.jpg,1,train,1
fake/train/fake_train_00572.jpg,1,train,6
fake/train/fake_train_00573.jpg,1,train,7
fake/train/fake_train_00574.jpg,1,train,2
fake/train/fake_train_00576.jpg,1,train,1
fake/train/fake_train_00579.jpg,1,train,8
fake/train/fake_train_00580.jpg,1,train,2
fake/train/fake_train_00582.jpg,1,train,1
fake/train/fake_train_00584.jpg,1,train,2
fake/train/fake_train_00586.jpg,1,train,2
fake/train/fake_train_00589.jpg,1,train,6
fake/train/fake_train_00590.jpg,1,train,8
fake/train/fake_train_00591.jpg,1,train,2
fake/train/fake_train_00592.jpg,1,train,0
fake/train/fake_train_00593.jpg,1,train,22
fake/train/fake_train_00594.jpg,1,train,1
fake/train/fake_train_00595.jpg,1,train,9
fake/train/fake_train_00596.jpg,1,train,4
fake/train/fake_train_00597.jpg,1,train,2
fake/train/fake_train_00598.jpg,1,train,5
fake/train/fake_train_00599.jpg,1,train,11
fake/train/fake_train_00600.jpg,1,train,4
fake/train/fake_train_00603.jpg,1,train,4
fake/train/fake_train_00605.jpg,1,train,5
fake/train/fake_train_00606.jpg,1,train,0
fake/train/fake_train_00608.jpg,1,train,18
fake/train/fake_train_00609.jpg,1,train,1
fake/train/fake_train_00610.jpg,1,train,11
fake/train/fake_train_00613.jpg,1,train,7
fake/train/fake_train_00614.jpg,1,train,2
fake/train/fake_train_00615.jpg,1,train,14
fake/train/fake_train_00617.jpg,1,train,7
fake/train/fake_train_00618.jpg,1,train,23
fake/train/fake_train_00619.jpg,1,train,7
fake/train/fake_train_00621.jpg,1,train,16
fake/train/fake_train_00622.jpg,1,train,9
fake/train/fake_train_00623.jpg,1,train,0
fake/train/fake_train_00624.jpg,1,train,1
fake/train/fake_train_00625.jpg,1,train,2
fake/train/fake_train_00628.jpg,1,train,4
fake/train/fake_train_00629.jpg,1,train,0
fake/train/fake_train_00630.jpg,1,train,2
fake/train/fake_train_00632.jpg,1,train,0
fake/train/fake_train_00633.jpg,1,train,6
fake/train/fake_train_00634.jpg,1,train,15
fake/train/fake_train_00637.jpg,1,train,14
fake/train/fake_train_00640.jpg,1,train,9
fake/train/fake_train_00641.jpg,1,train,0
fake/train/fake_train_00643.jpg,1,train,10
fake/train/fake_train_00646.jpg,1,train,2
fake/train/fake_train_00647.jpg,1,train,3
fake/train/fake_train_00651.jpg,1,train,11
fake/train/fake_train_00653.jpg,1,train,1
fake/train/fake_train_00655.jpg,1,train,8
fake/train/fake_train_00656.jpg,1,train,3
fake/train/fake_train_00657.jpg,1,train,9
fake/train/fake_train_00658.jpg,1,train,8
fake/train/fake_train_00659.jpg,1,train,14
fake/train/fake_train_00660.jpg,1,train,20
fake/train/fake_train_00661.jpg,1,train,0
fake/train/fake_train_00662.jpg,1,train,8
fake/train/fake_train_00663.jpg,1,train,3
fake/train/fake_train_00664.jpg,1,train,2
fake/train/fake_train_00665.jpg,1,train,3
fake/train/fake_train_00666.jpg,1,train,3
fake/train/fake_train_00668.jpg,1,train,4
fake/train/fake_train_00670.jpg,1,train,8
fake/train/fake_train_00671.jpg,1,train,9
fake/train/fake_train_00672.jpg,1,train,4
fake/train/fake_train_00673.jpg,1,train,2
fake/train/fake_train_00674.jpg,1,train,0
fake/train/fake_train_00675.jpg,1,train,6
fake/train/fake_train_00676.jpg,1,train,6
fake/train/fake_train_00678.jpg,1,train,13
fake/train/fake_train_00679.jpg,1,train,21
fake/train/fake_train_00681.jpg,1,train,9
fake/train/fake_train_00682.jpg,1,train,1
fake/train/fake_train_00683.jpg,1,train,4
fake/train/fake_train_00684.jpg,1,train,4
fake/train/fake_train_00686.jpg,1,train,2
fake/train/fake_train_00687.jpg,1,train,12
fake/train/fake_train_00688.jpg,1,train,31
fake/train/fake_train_00694.jpg,1,train,14
fake/train/fake_train_00696.jpg,1,train,4
fake/train/fake_train_00698.jpg,1,train,1
fake/train/fake_train_00700.jpg,1,train,5
fake/train/fake_train_00704.jpg,1,train,5
fake/train/fake_train_00706.jpg,1,train,1
fake/train/fake_train_00708.jpg,1,train,3
fake/train/fake_train_00709.jpg,1,train,10
fake/train/fake_train_00710.jpg,1,train,5
fake/train/fake_train_00711.jpg,1,train,5
fake/train/fake_train_00713.jpg,1,train,5
fake/train/fake_train_00714.jpg,1,train,6
fake/train/fake_train_00715.jpg,1,train,2
fake/train/fake_train_00716.jpg,1,train,8
fake/train/fake_train_00718.jpg,1,train,2
fake/train/fake_train_00719.jpg,1,train,4
fake/train/fake_train_00722.jpg,1,train,0
fake/train/fake_train_00723.jpg,1,train,5
fake/train/fake_train_00724.jpg,1,train,8
fake/train/fake_train_00726.jpg,1,train,3
fake/train/fake_train_00729.jpg,1,train,12
fake/train/fake_train_00730.jpg,1,train,0
fake/train/fake_train_00732.jpg,1,train,0
fake/train/fake_train_00733.jpg,1,train,6
fake/train/fake_train_00735.jpg,1,train,11
fake/train/fake_train_00736.jpg,1,train,7
fake/train/fake_train_00737.jpg,1,train,11
fake/train/fake_train_00738.jpg,1,train,2
fake/train/fake_train_00739.jpg,1,train,6
fake/train/fake_train_00740.jpg,1,train,3
fake/train/fake_train_00741.jpg,1,train,2
fake/train/fake_train_00744.jpg,1,train,7
fake/train/fake_train_00748.jpg,1,train,1
fake/train/fake_train_00749.jpg,1,train,7
fake/train/fake_train_00751.jpg,1,train,0
fake/train/fake_train_00752.jpg,1,train,4
fake/train/fake_train_00753.jpg,1,train,5
fake/train/fake_train_00755.jpg,1,train,6
fake/train/fake_train_00756.jpg,1,train,0
fake/train/fake_train_00757.jpg,1,train,1
fake/train/fake_train_00758.jpg,1,train,2
fake/train/fake_train_00759.jpg,1,train,5
fake/train/fake_train_00760.jpg,1,train,5
fake/train/fake_train_00761.jpg,1,train,4
fake/train/fake_train_00762.jpg,1,train,62
fake/train/fake_train_00763.jpg,1,train,7
fake/train/fake_train_00764.jpg,1,train,9
fake/train/fake_train_00766.jpg,1,train,3
fake/train/fake_train_00767.jpg,1,train,2
fake/train/fake_train_00770.jpg,1,train,17
fake/train/fake_train_00771.jpg,1,train,3
fake/train/fake_train_00772.jpg,1,train,2
fake/train/fake_train_00773.jpg,1,train,0
fake/train/fake_train_00774.jpg,1,train,40
fake/train/fake_train_00775.jpg,1,train,1
fake/train/fake_train_00776.jpg,1,train,1
fake/train/fake_train_00777.jpg,1,train,12
fake/train/fake_train_00778.jpg,1,train,37
fake/train/fake_train_00780.jpg,1,train,1
fake/train/fake_train_00781.jpg,1,train,1
fake/train/fake_train_00785.jpg,1,train,2
fake/train/fake_train_00786.jpg,1,train,5
fake/train/fake_train_00787.jpg,1,train,4
fake/train/fake_train_00790.jpg,1,train,3
fake/train/fake_train_00791.jpg,1,train,11
fake/train/fake_train_00792.jpg,1,train,2
fake/train/fake_train_00793.jpg,1,train,8
fake/train/fake_train_00794.jpg,1,train,12
fake/train/fake_train_00795.jpg,1,train,17
fake/train/fake_train_00796.jpg,1,train,28
fake/train/fake_train_00797.jpg,1,train,1
fake/train/fake_train_00799.jpg,1,train,1
fake/train/fake_train_00800.jpg,1,train,3
fake/train/fake_train_00801.jpg,1,train,3
fake/train/fake_train_00802.jpg,1,train,7
fake/train/fake_train_00805.jpg,1,train,12
fake/train/fake_train_00806.jpg,1,train,2
fake/train/fake_train_00808.jpg,1,train,1
fake/train/fake_train_00810.jpg,1,train,4
fake/train/fake_train_00811.jpg,1,train,4
fake/train/fake_train_00813.jpg,1,train,2
fake/train/fake_train_00814.jpg,1,train,3
fake/train/fake_train_00815.jpg,1,train,31
fake/train/fake_train_00816.jpg,1,train,5
fake/train/fake_train_00817.jpg,1,train,1
fake/train/fake_train_00818.jpg,1,train,4
fake/train/fake_train_00822.jpg,1,train,6
fake/train/fake_train_00824.jpg,1,train,39
fake/train/fake_train_00826.jpg,1,train,8
fake/train/fake_train_00827.jpg,1,train,3
fake/train/fake_train_00828.jpg,1,train,12
fake/train/fake_train_00829.jpg,1,train,1
fake/train/fake_train_00833.jpg,1,train,1
fake/train/fake_train_00834.jpg,1,train,5
fake/train/fake_train_00836.jpg,1,train,10
fake/train/fake_train_00837.jpg,1,train,2
fake/train/fake_train_00838.jpg,1,train,2
fake/train/fake_train_00839.jpg,1,train,2
fake/train/fake_train_00841.jpg,1,train,5
fake/train/fake_train_00842.jpg,1,train,1
fake/train/fake_train_00844.jpg,1,train,5
fake/train/fake_train_00847.jpg,1,train,3
fake/train/fake_train_00848.jpg,1,train,2
fake/train/fake_train_00850.jpg,1,train,8
fake/train/fake_train_00851.jpg,1,train,11
fake/train/fake_train_00852.jpg,1,train,3
fake/train/fake_train_00853.jpg,1,train,5
fake/train/fake_train_00854.jpg,1,train,2
fake/train/fake_train_00856.jpg,1,train,1
fake/train/fake_train_00857.jpg,1,train,9
fake/train/fake_train_00858.jpg,1,train,6
fake/train/fake_train_00859.jpg,1,train,9
fake/train/fake_train_00861.jpg,1,train,5
fake/train/fake_train_00862.jpg,1,train,21
fake/train/fake_train_00865.jpg,1,train,5
fake/train/fake_train_00867.jpg,1,train,3
fake/train/fake_train_00868.jpg,1,train,26
fake/train/fake_train_00870.jpg,1,train,1
fake/train/fake_train_00871.jpg,1,train,1
fake/train/fake_train_00872.jpg,1,train,3
fake/train/fake_train_00873.jpg,1,train,1
fake/train/fake_train_00874.jpg,1,train,0
fake/train/fake_train_00876.jpg,1,train,0
fake/train/fake_train_00879.jpg,1,train,25
fake/train/fake_train_00880.jpg,1,train,3
fake/train/fake_train_00881.jpg,1,train,8
fake/train/fake_train_00882.jpg,1,train,2
fake/train/fake_train_00883.jpg,1,train,2
fake/train/fake_train_00885.jpg,1,train,0
fake/train/fake_train_00886.jpg,1,train,3
fake/train/fake_train_00887.jpg,1,train,0
fake/train/fake_train_00889.jpg,1,train,2
fake/train/fake_train_00890.jpg,1,train,4
fake/train/fake_train_00891.jpg,1,train,16
fake/train/fake_train_00892.jpg,1,train,11
fake/train/fake_train_00893.jpg,1,train,3
fake/train/fake_train_00895.jpg,1,train,7
fake/train/fake_train_00896.jpg,1,train,6
fake/train/fake_train_00897.jpg,1,train,6
fake/train/fake_train_00902.jpg,1,train,9
fake/train/fake_train_00903.jpg,1,train,9
fake/train/fake_train_00904.jpg,1,train,10
fake/train/fake_train_00906.jpg,1,train,6
fake/train/fake_train_00908.jpg,1,train,2
fake/train/fake_train_00909.jpg,1,train,1
fake/train/fake_train_00910.jpg,1,train,7
fake/train/fake_train_00912.jpg,1,train,2
fake/train/fake_train_00915.jpg,1,train,0
fake/train/fake_train_00918.jpg,1,train,4
fake/train/fake_train_00919.jpg,1,train,11
fake/train/fake_train_00921.jpg,1,train,1
fake/train/fake_train_00922.jpg,1,train,11
fake/train/fake_train_00925.jpg,1,train,6
fake/train/fake_train_00927.jpg,1,train,3
fake/train/fake_train_00928.jpg,1,train,5
fake/train/fake_train_00929.jpg,1,train,5
fake/train/fake_train_00930.jpg,1,train,17
fake/train/fake_train_00931.jpg,1,train,1
fake/train/fake_train_00932.jpg,1,train,17
fake/train/fake_train_00934.jpg,1,train,2
fake/train/fake_train_00935.jpg,1,train,7
fake/train/fake_train_00938.jpg,1,train,0
fake/train/fake_train_00939.jpg,1,train,26
fake/train/fake_train_00941.jpg,1,train,0
fake/train/fake_train_00942.jpg,1,train,8
fake/train/fake_train_00943.jpg,1,train,3
fake/train/fake_train_00944.jpg,1,train,3
fake/train/fake_train_00945.jpg,1,train,9
fake/train/fake_train_00947.jpg,1,train,15
fake/train/fake_train_00949.jpg,1,train,2
fake/train/fake_train_00950.jpg,1,train,7
fake/train/fake_train_00952.jpg,1,train,1
fake/train/fake_train_00953.jpg,1,train,12
fake/train/fake_train_00954.jpg,1,train,1
fake/train/fake_train_00959.jpg,1,train,3
fake/train/fake_train_00961.jpg,1,train,1
fake/train/fake_train_00962.jpg,1,train,4
fake/train/fake_train_00963.jpg,1,train,4
fake/train/fake_train_00965.jpg,1,train,2
fake/train/fake_train_00968.jpg,1,train,0
fake/train/fake_train_00969.jpg,1,train,0
fake/train/fake_train_00970.jpg,1,train,77
fake/train/fake_train_00972.jpg,1,train,0
fake/train/fake_train_00973.jpg,1,train,5
fake/train/fake_train_00975.jpg,1,train,7
fake/train/fake_train_00977.jpg,1,train,2
fake/train/fake_train_00979.jpg,1,train,4
fake/train/fake_train_00981.jpg,1,train,76
fake/train/fake_train_00983.jpg,1,train,3
fake/train/fake_train_00984.jpg,1,train,5
fake/train/fake_train_00985.jpg,1,train,5
fake/train/fake_train_00987.jpg,1,train,18
fake/train/fake_train_00988.jpg,1,train,3
fake/train/fake_train_00990.jpg,1,train,1
fake/train/fake_train_00993.jpg,1,train,10
fake/train/fake_train_00995.jpg,1,train,4
fake/train/fake_train_00996.jpg,1,train,5
fake/train/fake_train_00997.jpg,1,train,1
fake/train/fake_train_00998.jpg,1,train,3
fake/train/fake_train_00999.jpg,1,train,1
fake/train/fake_train_01002.jpg,1,train,15
fake/train/fake_train_01004.jpg,1,train,8
fake/train/fake_train_01005.jpg,1,train,9
fake/train/fake_train_01006.jpg,1,train,1
fake/train/fake_train_01008.jpg,1,train,5
fake/train/fake_train_01009.jpg,1,train,10
fake/train/fake_train_01010.jpg,1,train,9
fake/train/fake_train_01011.jpg,1,train,14
fake/train/fake_train_01014.jpg,1,train,0
fake/train/fake_train_01015.jpg,1,train,3
fake/train/fake_train_01016.jpg,1,train,9
fake/train/fake_train_01018.jpg,1,train,16
fake/train/fake_train_01019.jpg,1,train,3
fake/train/fake_train_01021.jpg,1,train,2
fake/train/fake_train_01023.jpg,1,train,2
fake/train/fake_train_01025.jpg,1,train,7
fake/train/fake_train_01027.jpg,1,train,13
fake/train/fake_train_01028.jpg,1,train,1
fake/train/fake_train_01030.jpg,1,train,2
fake/train/fake_train_01031.jpg,1,train,0
fake/train/fake_train_01035.jpg,1,train,8
fake/train/fake_train_01036.jpg,1,train,1
fake/train/fake_train_01037.jpg,1,train,7
fake/train/fake_train_01038.jpg,1,train,2
fake/train/fake_train_01039.jpg,1,train,5
fake/train/fake_train_01040.jpg,1,train,2
fake/train/fake_train_01042.jpg,1,train,13
fake/train/fake_train_01043.jpg,1,train,6
fake/train/fake_train_01044.jpg,1,train,2
fake/train/fake_train_01046.jpg,1,train,0
fake/train/fake_train_01047.jpg,1,train,11
fake/train/fake_train_01048.jpg,1,train,2
fake/train/fake_train_01050.jpg,1,train,8
fake/train/fake_train_01051.jpg,1,train,23
fake/train/fake_train_01052.jpg,1,train,1
fake/train/fake_train_01053.jpg,1,train,7
fake/train/fake_train_01054.jpg,1,train,0
fake/train/fake_train_01057.jpg,1,train,12
fake/train/fake_train_01060.jpg,1,train,3
fake/train/fake_train_01061.jpg,1,train,18
fake/train/fake_train_01062.jpg,1,train,1
fake/train/fake_train_01064.jpg,1,train,16
fake/train/fake_train_01065.jpg,1,train,7
fake/train/fake_train_01066.jpg,1,train,38
fake/train/fake_train_01067.jpg,1,train,10
fake/train/fake_train_01070.jpg,1,train,0
fake/train/fake_train_01072.jpg,1,train,2
fake/train/fake_train_01073.jpg,1,train,6
fake/train/fake_train_01074.jpg,1,train,3
fake/train/fake_train_01075.jpg,1,train,8
fake/train/fake_train_01077.jpg,1,train,5
fake/train/fake_train_01078.jpg,1,train,3
fake/train/fake_train_01079.jpg,1,train,3
fake/train/fake_train_01080.jpg,1,train,2
fake/train/fake_train_01081.jpg,1,train,10
fake/train/fake_train_01082.jpg,1,train,12
fake/train/fake_train_01083.jpg,1,train,5
fake/train/fake_train_01084.jpg,1,train,2
fake/train/fake_train_01086.jpg,1,train,9
fake/train/fake_train_01087.jpg,1,train,1
fake/train/fake_train_01089.jpg,1,train,6
fake/train/fake_train_01091.jpg,1,train,4
fake/train/fake_train_01092.jpg,1,train,11
fake/train/fake_train_01093.jpg,1,train,9
fake/train/fake_train_01094.jpg,1,train,30
fake/train/fake_train_01099.jpg,1,train,25
fake/train/fake_train_01100.jpg,1,train,9
fake/train/fake_train_01103.jpg,1,train,2
fake/train/fake_train_01106.jpg,1,train,0
fake/train/fake_train_01108.jpg,1,train,8
fake/train/fake_train_01109.jpg,1,train,3
fake/train/fake_train_01110.jpg,1,train,84
fake/train/fake_train_01111.jpg,1,train,32
fake/train/fake_train_01113.jpg,1,train,6
fake/train/fake_train_01115.jpg,1,train,8
fake/train/fake_train_01116.jpg,1,train,7
fake/train/fake_train_01117.jpg,1,train,10
fake/train/fake_train_01120.jpg,1,train,4
fake/train/fake_train_01121.jpg,1,train,20
fake/train/fake_train_01122.jpg,1,train,19
fake/train/fake_train_01123.jpg,1,train,15
fake/train/fake_train_01124.jpg,1,train,3
fake/train/fake_train_01126.jpg,1,train,4
fake/train/fake_train_01128.jpg,1,train,0
fake/train/fake_train_01129.jpg,1,train,1
fake/train/fake_train_01131.jpg,1,train,28
fake/train/fake_train_01132.jpg,1,train,2
fake/train/fake_train_01134.jpg,1,train,6
fake/train/fake_train_01135.jpg,1,train,10
fake/train/fake_train_01140.jpg,1,train,32
fake/train/fake_train_01141.jpg,1,train,2
fake/train/fake_train_01142.jpg,1,train,16
fake/train/fake_train_01146.jpg,1,train,0
fake/train/fake_train_01147.jpg,1,train,10
fake/train/fake_train_01148.jpg,1,train,5
fake/train/fake_train_01149.jpg,1,train,1
fake/train/fake_train_01150.jpg,1,train,6
fake/train/fake_train_01151.jpg,1,train,0
fake/train/fake_train_01152.jpg,1,train,4
fake/train/fake_train_01154.jpg,1,train,2
fake/train/fake_train_01155.jpg,1,train,6
fake/train/fake_train_01156.jpg,1,train,3
fake/train/fake_train_01157.jpg,1,train,7
fake/train/fake_train_01158.jpg,1,train,1
fake/train/fake_train_01161.jpg,1,train,4
fake/train/fake_train_01162.jpg,1,train,1
fake/train/fake_train_01164.jpg,1,train,6
fake/train/fake_train_01167.jpg,1,train,46
fake/train/fake_train_01168.jpg,1,train,2
fake/train/fake_train_01169.jpg,1,train,2
fake/train/fake_train_01171.jpg,1,train,6
fake/train/fake_train_01172.jpg,1,train,7
fake/train/fake_train_01173.jpg,1,train,4
fake/train/fake_train_01175.jpg,1,train,3
fake/train/fake_train_01176.jpg,1,train,39
fake/train/fake_train_01179.jpg,1,train,1
fake/train/fake_train_01181.jpg,1,train,3
fake/train/fake_train_01182.jpg,1,train,17
fake/train/fake_train_01183.jpg,1,train,9
fake/train/fake_train_01184.jpg,1,train,0
fake/train/fake_train_01185.jpg,1,train,2
fake/train/fake_train_01186.jpg,1,train,1
fake/train/fake_train_01188.jpg,1,train,3
fake/train/fake_train_01189.jpg,1,train,1
fake/train/fake_train_01191.jpg,1,train,21
fake/train/fake_train_01192.jpg,1,train,4
fake/train/fake_train_01195.jpg,1,train,5
fake/train/fake_train_01196.jpg,1,train,16
fake/train/fake_train_01198.jpg,1,train,14
fake/train/fake_train_01199.jpg,1,train,7
real/train/real_train_00000.jpg,0,train,5
real/train/real_train_00001.jpg,0,train,9
real/train/real_train_00002.jpg,0,train,30
real/train/real_train_00004.jpg,0,train,8
real/train/real_train_00005.jpg,0,train,8
real/train/real_train_00006.jpg,0,train,26
real/train/real_train_00008.jpg,0,train,4
real/train/real_train_00010.jpg,0,train,3
real/train/real_train_00012.jpg,0,train,13
real/train/real_train_00013.jpg,0,train,17
real/train/real_train_00016.jpg,0,train,11
real/train/real_train_00017.jpg,0,train,7
real/train/real_train_00019.jpg,0,train,15
real/train/real_train_00021.jpg,0,train,5
real/train/real_train_00023.jpg,0,train,41
real/train/real_train_00025.jpg,0,train,8
real/train/real_train_00027.jpg,0,train,3
real/train/real_train_00028.jpg,0,train,46
real/train/real_train_00029.jpg,0,train,2
real/train/real_train_00031.jpg,0,train,4
real/train/real_train_00035.jpg,0,train,8
real/train/real_train_00036.jpg,0,train,10
real/train/real_train_00037.jpg,0,train,3
real/train/real_train_00040.jpg,0,train,7
real/train/real_train_00042.jpg,0,train,1
real/train/real_train_00043.jpg,0,train,7
real/train/real_train_00044.jpg,0,train,7
real/train/real_train_00045.jpg,0,train,27
real/train/real_train_00046.jpg,0,train,11
real/train/real_train_00047.jpg,0,train,4
real/train/real_train_00048.jpg,0,train,0
real/train/real_train_00050.jpg,0,train,2
real/train/real_train_00051.jpg,0,train,7
real/train/real_train_00056.jpg,0,train,40
real/train/real_train_00059.jpg,0,train,12
real/train/real_train_00060.jpg,0,train,77
real/train/real_train_00061.jpg,0,train,8
real/train/real_train_00062.jpg,0,train,0
real/train/real_train_00063.jpg,0,train,4
real/train/real_train_00065.jpg,0,train,5
real/train/real_train_00066.jpg,0,train,4
real/train/real_train_00069.jpg,0,train,6
real/train/real_train_00071.jpg,0,train,2
real/train/real_train_00072.jpg,0,train,3
real/train/real_train_00076.jpg,0,train,7
real/train/real_train_00077.jpg,0,train,16
real/train/real_train_00078.jpg,0,train,5
real/train/real_train_00082.jpg,0,train,3
real/train/real_train_00083.jpg,0,train,33
real/train/real_train_00085.jpg,0,train,12
real/train/real_train_00086.jpg,0,train,3
real/train/real_train_00088.jpg,0,train,7
real/train/real_train_00089.jpg,0,train,25
real/train/real_train_00090.jpg,0,train,11
real/train/real_train_00092.jpg,0,train,4
real/train/real_train_00093.jpg,0,train,45
real/train/real_train_00096.jpg,0,train,4
real/train/real_train_00099.jpg,0,train,23
real/train/real_train_00100.jpg,0,train,4
real/train/real_train_00104.jpg,0,train,6
real/train/real_train_00105.jpg,0,train,4
real/train/real_train_00107.jpg,0,train,3
real/train/real_train_00108.jpg,0,train,16
real/train/real_train_00110.jpg,0,train,5
real/train/real_train_00112.jpg,0,train,6
real/train/real_train_00113.jpg,0,train,8
real/train/real_train_00114.jpg,0,train,11
real/train/real_train_00115.jpg,0,train,1
real/train/real_train_00116.jpg,0,train,4
real/train/real_train_00117.jpg,0,train,3
real/train/real_train_00119.jpg,0,train,16
real/train/real_train_00120.jpg,0,train,2
real/train/real_train_00122.jpg,0,train,19
real/train/real_train_00123.jpg,0,train,6
real/train/real_train_00124.jpg,0,train,3
real/train/real_train_00125.jpg,0,train,20
real/train/real_train_00126.jpg,0,train,16
real/train/real_train_00127.jpg,0,train,38
real/train/real_train_00128.jpg,0,train,6
real/train/real_train_00132.jpg,0,train,0
real/train/real_train_00133.jpg,0,train,37
real/train/real_train_00136.jpg,0,train,23
real/train/real_train_00138.jpg,0,train,1
real/train/real_train_00139.jpg,0,train,4
real/train/real_train_00141.jpg,0,train,6
real/train/real_train_00142.jpg,0,train,0
real/train/real_train_00143.jpg,0,train,11
real/train/real_train_00144.jpg,0,train,33
real/train/real_train_00145.jpg,0,train,14
real/train/real_train_00146.jpg,0,train,20
real/train/real_train_00147.jpg,0,train,82
real/train/real_train_00148.jpg,0,train,6
real/train/real_train_00149.jpg,0,train,2
real/train/real_train_00150.jpg,0,train,53
real/train/real_train_00151.jpg,0,train,0
real/train/real_train_00152.jpg,0,train,6
real/train/real_train_00153.jpg,0,train,3
real/train/real_train_00154.jpg,0,train,5
real/train/real_train_00155.jpg,0,train,2
real/train/real_train_00156.jpg,0,train,16
real/train/real_train_00160.jpg,0,train,5
real/train/real_train_00161.jpg,0,train,6
real/train/real_train_00162.jpg,0,train,2
real/train/real_train_00163.jpg,0,train,12
real/train/real_train_00164.jpg,0,train,16
real/train/real_train_00165.jpg,0,train,22
real/train/real_train_00168.jpg,0,train,20
real/train/real_train_00170.jpg,0,train,3
real/train/real_train_00171.jpg,0,train,28
real/train/real_train_00172.jpg,0,train,15
real/train/real_train_00174.jpg,0,train,20
real/train/real_train_00175.jpg,0,train,1
real/train/real_train_00177.jpg,0,train,7
real/train/real_train_00179.jpg,0,train,20
real/train/real_train_00181.jpg,0,train,8
real/train/real_train_00184.jpg,0,train,5
real/train/real_train_00185.jpg,0,train,13
real/train/real_train_00186.jpg,0,train,10
real/train/real_train_00188.jpg,0,train,16
real/train/real_train_00190.jpg,0,train,2
real/train/real_train_00192.jpg,0,train,8
real/train/real_train_00193.jpg,0,train,28
real/train/real_train_00194.jpg,0,train,4
real/train/real_train_00195.jpg,0,train,9
real/train/real_train_00199.jpg,0,train,3
real/train/real_train_00201.jpg,0,train,45
real/train/real_train_00202.jpg,0,train,1
real/train/real_train_00203.jpg,0,train,31
real/train/real_train_00205.jpg,0,train,8
real/train/real_train_00206.jpg,0,train,10
real/train/real_train_00207.jpg,0,train,15
real/train/real_train_00209.jpg,0,train,3
real/train/real_train_00210.jpg,0,train,22
real/train/real_train_00211.jpg,0,train,30
real/train/real_train_00212.jpg,0,train,2
real/train/real_train_00213.jpg,0,train,5
real/train/real_train_00214.jpg,0,train,8
real/train/real_train_00216.jpg,0,train,4
real/train/real_train_00217.jpg,0,train,28
real/train/real_train_00218.jpg,0,train,12
real/train/real_train_00220.jpg,0,train,6
real/train/real_train_00221.jpg,0,train,36
real/train/real_train_00223.jpg,0,train,9
real/train/real_train_00224.jpg,0,train,8
real/train/real_train_00225.jpg,0,train,67
real/train/real_train_00226.jpg,0,train,5
real/train/real_train_00229.jpg,0,train,4
real/train/real_train_00230.jpg,0,train,8
real/train/real_train_00231.jpg,0,train,8
real/train/real_train_00232.jpg,0,train,6
real/train/real_train_00233.jpg,0,train,10
real/train/real_train_00234.jpg,0,train,5
real/train/real_train_00235.jpg,0,train,11
real/train/real_train_00236.jpg,0,train,0
real/train/real_train_00238.jpg,0,train,64
real/train/real_train_00239.jpg,0,train,12
real/train/real_train_00241.jpg,0,train,5
real/train/real_train_00242.jpg,0,train,4
real/train/real_train_00243.jpg,0,train,2
real/train/real_train_00244.jpg,0,train,2
real/train/real_train_00245.jpg,0,train,11
real/train/real_train_00246.jpg,0,train,7
real/train/real_train_00247.jpg,0,train,4
real/train/real_train_00248.jpg,0,train,4
real/train/real_train_00250.jpg,0,train,3
real/train/real_train_00252.jpg,0,train,1
real/train/real_train_00254.jpg,0,train,5
real/train/real_train_00257.jpg,0,train,68
real/train/real_train_00258.jpg,0,train,9
real/train/real_train_00260.jpg,0,train,1
real/train/real_train_00261.jpg,0,train,31
real/train/real_train_00264.jpg,0,train,0
real/train/real_train_00265.jpg,0,train,2
real/train/real_train_00267.jpg,0,train,21
real/train/real_train_00268.jpg,0,train,3
real/train/real_train_00269.jpg,0,train,11
real/train/real_train_00270.jpg,0,train,4
real/train/real_train_00274.jpg,0,train,8
real/train/real_train_00275.jpg,0,train,4
real/train/real_train_00276.jpg,0,train,7
real/train/real_train_00279.jpg,0,train,12
real/train/real_train_00280.jpg,0,train,42
real/train/real_train_00284.jpg,0,train,15
real/train/real_train_00285.jpg,0,train,19
real/train/real_train_00286.jpg,0,train,14
real/train/real_train_00287.jpg,0,train,7
real/train/real_train_00288.jpg,0,train,38
real/train/real_train_00289.jpg,0,train,3
real/train/real_train_00290.jpg,0,train,1
real/train/real_train_00291.jpg,0,train,14
real/train/real_train_00293.jpg,0,train,10
real/train/real_train_00294.jpg,0,train,68
real/train/real_train_00296.jpg,0,train,4
real/train/real_train_00299.jpg,0,train,4
real/train/real_train_00300.jpg,0,train,10
real/train/real_train_00302.jpg,0,train,4
real/train/real_train_00304.jpg,0,train,1
real/train/real_train_00305.jpg,0,train,2
real/train/real_train_00307.jpg,0,train,2
real/train/real_train_00308.jpg,0,train,6
real/train/real_train_00309.jpg,0,train,1
real/train/real_train_00311.jpg,0,train,41
real/train/real_train_00313.jpg,0,train,1
real/train/real_train_00314.jpg,0,train,1
real/train/real_train_00315.jpg,0,train,8
real/train/real_train_00316.jpg,0,train,33
real/train/real_train_00317.jpg,0,train,6
real/train/real_train_00318.jpg,0,train,4
real/train/real_train_00319.jpg,0,train,14
real/train/real_train_00320.jpg,0,train,3
real/train/real_train_00321.jpg,0,train,4
real/train/real_train_00322.jpg,0,train,51
real/train/real_train_00323.jpg,0,train,20
real/train/real_train_00324.jpg,0,train,28
real/train/real_train_00326.jpg,0,train,18
real/train/real_train_00327.jpg,0,train,1
real/train/real_train_00328.jpg,0,train,10
real/train/real_train_00329.jpg,0,train,20
real/train/real_train_00330.jpg,0,train,3
real/train/real_train_00331.jpg,0,train,53
real/train/real_train_00332.jpg,0,train,4
real/train/real_train_00333.jpg,0,train,3
real/train/real_train_00335.jpg,0,train,6
real/train/real_train_00336.jpg,0,train,7
real/train/real_train_00337.jpg,0,train,15
real/train/real_train_00339.jpg,0,train,70
real/train/real_train_00340.jpg,0,train,6
real/train/real_train_00342.jpg,0,train,0
real/train/real_train_00343.jpg,0,train,3
real/train/real_train_00344.jpg,0,train,10
real/train/real_train_00345.jpg,0,train,4
real/train/real_train_00348.jpg,0,train,15
real/train/real_train_00350.jpg,0,train,14
real/train/real_train_00353.jpg,0,train,41
real/train/real_train_00355.jpg,0,train,10
real/train/real_train_00356.jpg,0,train,4
real/train/real_train_00357.jpg,0,train,0
real/train/real_train_00358.jpg,0,train,3
real/train/real_train_00360.jpg,0,train,0
real/train/real_train_00361.jpg,0,train,23
real/train/real_train_00362.jpg,0,train,7
real/train/real_train_00363.jpg,0,train,4
real/train/real_train_00367.jpg,0,train,3
real/train/real_train_00368.jpg,0,train,3
real/train/real_train_00369.jpg,0,train,2
real/train/real_train_00370.jpg,0,train,10
real/train/real_train_00371.jpg,0,train,13
real/train/real_train_00372.jpg,0,train,20
real/train/real_train_00375.jpg,0,train,4
real/train/real_train_00378.jpg,0,train,0
real/train/real_train_00380.jpg,0,train,5
real/train/real_train_00381.jpg,0,train,5
real/train/real_train_00385.jpg,0,train,3
real/train/real_train_00386.jpg,0,train,1
real/train/real_train_00388.jpg,0,train,3
real/train/real_train_00389.jpg,0,train,12
real/train/real_train_00391.jpg,0,train,30
real/train/real_train_00392.jpg,0,train,14
real/train/real_train_00394.jpg,0,train,11
real/train/real_train_00395.jpg,0,train,1
real/train/real_train_00397.jpg,0,train,1
real/train/real_train_00399.jpg,0,train,27
real/train/real_train_00400.jpg,0,train,1
real/train/real_train_00403.jpg,0,train,27
real/train/real_train_00405.jpg,0,train,5
real/train/real_train_00406.jpg,0,train,24
real/train/real_train_00407.jpg,0,train,30
real/train/real_train_00408.jpg,0,train,3
real/train/real_train_00409.jpg,0,train,8
real/train/real_train_00410.jpg,0,train,4
real/train/real_train_00412.jpg,0,train,7
real/train/real_train_00413.jpg,0,train,35
real/train/real_train_00415.jpg,0,train,10
real/train/real_train_00416.jpg,0,train,1
real/train/real_train_00419.jpg,0,train,2
real/train/real_train_00421.jpg,0,train,34
real/train/real_train_00422.jpg,0,train,13
real/train/real_train_00427.jpg,0,train,13
real/train/real_train_00429.jpg,0,train,1
real/train/real_train_00430.jpg,0,train,1
real/train/real_train_00432.jpg,0,train,24
real/train/real_train_00437.jpg,0,train,6
real/train/real_train_00438.jpg,0,train,2
real/train/real_train_00440.jpg,0,train,0
real/train/real_train_00441.jpg,0,train,2
real/train/real_train_00442.jpg,0,train,6
real/train/real_train_00443.jpg,0,train,7
real/train/real_train_00444.jpg,0,train,50
real/train/real_train_00445.jpg,0,train,15
real/train/real_train_00446.jpg,0,train,7
real/train/real_train_00448.jpg,0,train,8
real/train/real_train_00449.jpg,0,train,8
real/train/real_train_00450.jpg,0,train,11
real/train/real_train_00451.jpg,0,train,14
real/train/real_train_00452.jpg,0,train,11
real/train/real_train_00454.jpg,0,train,2
real/train/real_train_00456.jpg,0,train,2
real/train/real_train_00457.jpg,0,train,17
real/train/real_train_00458.jpg,0,train,48
real/train/real_train_00459.jpg,0,train,58
real/train/real_train_00460.jpg,0,train,0
real/train/real_train_00462.jpg,0,train,21
real/train/real_train_00463.jpg,0,train,7
real/train/real_train_00464.jpg,0,train,0
real/train/real_train_00465.jpg,0,train,15
real/train/real_train_00466.jpg,0,train,4
real/train/real_train_00467.jpg,0,train,8
real/train/real_train_00468.jpg,0,train,3
real/train/real_train_00469.jpg,0,train,7
real/train/real_train_00472.jpg,0,train,6
real/train/real_train_00473.jpg,0,train,2
real/train/real_train_00474.jpg,0,train,11
real/train/real_train_00475.jpg,0,train,5
real/train/real_train_00476.jpg,0,train,7
real/train/real_train_00477.jpg,0,train,3
real/train/real_train_00478.jpg,0,train,10
real/train/real_train_00479.jpg,0,train,1
real/train/real_train_00481.jpg,0,train,23
real/train/real_train_00484.jpg,0,train,5
real/train/real_train_00486.jpg,0,train,2
real/train/real_train_00487.jpg,0,train,0
real/train/real_train_00489.jpg,0,train,8
real/train/real_train_00490.jpg,0,train,2
real/train/real_train_00491.jpg,0,train,8
real/train/real_train_00492.jpg,0,train,5
real/train/real_train_00494.jpg,0,train,3
real/train/real_train_00495.jpg,0,train,9
real/train/real_train_00496.jpg,0,train,12
real/train/real_train_00497.jpg,0,train,10
real/train/real_train_00498.jpg,0,train,3
real/train/real_train_00501.jpg,0,train,2
real/train/real_train_00502.jpg,0,train,0
real/train/real_train_00503.jpg,0,train,1
real/train/real_train_00505.jpg,0,train,6
real/train/real_train_00507.jpg,0,train,4
real/train/real_train_00508.jpg,0,train,35
real/train/real_train_00509.jpg,0,train,50
real/train/real_train_00511.jpg,0,train,12
real/train/real_train_00515.jpg,0,train,12
real/train/real_train_00516.jpg,0,train,8
real/train/real_train_00517.jpg,0,train,7
real/train/real_train_00518.jpg,0,train,26
real/train/real_train_00520.jpg,0,train,11
real/train/real_train_00521.jpg,0,train,2
real/train/real_train_00522.jpg,0,train,4
real/train/real_train_00523.jpg,0,train,3
real/train/real_train_00525.jpg,0,train,28
real/train/real_train_00527.jpg,0,train,3
real/train/real_train_00528.jpg,0,train,32
real/train/real_train_00530.jpg,0,train,9
real/train/real_train_00534.jpg,0,train,9
real/train/real_train_00535.jpg,0,train,18
real/train/real_train_00536.jpg,0,train,32
real/train/real_train_00537.jpg,0,train,6
real/train/real_train_00538.jpg,0,train,6
real/train/real_train_00539.jpg,0,train,6
real/train/real_train_00540.jpg,0,train,10
real/train/real_train_00541.jpg,0,train,10
real/train/real_train_00543.jpg,0,train,8
real/train/real_train_00544.jpg,0,train,1
real/train/real_train_00545.jpg,0,train,14
real/train/real_train_00546.jpg,0,train,2
real/train/real_train_00548.jpg,0,train,18
real/train/real_train_00549.jpg,0,train,12
real/train/real_train_00551.jpg,0,train,1
real/train/real_train_00552.jpg,0,train,4
real/train/real_train_00555.jpg,0,train,12
real/train/real_train_00557.jpg,0,train,23
real/train/real_train_00558.jpg,0,train,2
real/train/real_train_00559.jpg,0,train,0
real/train/real_train_00561.jpg,0,train,3
real/train/real_train_00562.jpg,0,train,10
real/train/real_train_00563.jpg,0,train,20
real/train/real_train_00565.jpg,0,train,18
real/train/real_train_00566.jpg,0,train,4
real/train/real_train_00567.jpg,0,train,3
real/train/real_train_00568.jpg,0,train,6
real/train/real_train_00569.jpg,0,train,36
real/train/real_train_00570.jpg,0,train,5
real/train/real_train_00571.jpg,0,train,3
real/train/real_train_00572.jpg,0,train,2
real/train/real_train_00573.jpg,0,train,41
real/train/real_train_00574.jpg,0,train,5
real/train/real_train_00575.jpg,0,train,3
real/train/real_train_00578.jpg,0,train,6
real/train/real_train_00581.jpg,0,train,6
real/train/real_train_00582.jpg,0,train,1
real/train/real_train_00584.jpg,0,train,1
real/train/real_train_00588.jpg,0,train,1
real/train/real_train_00589.jpg,0,train,24
real/train/real_train_00590.jpg,0,train,13
real/train/real_train_00594.jpg,0,train,7
real/train/real_train_00596.jpg,0,train,8
real/train/real_train_00598.jpg,0,train,35
real/train/real_train_00599.jpg,0,train,2
real/train/real_train_00600.jpg,0,train,3
real/train/real_train_00602.jpg,0,train,6
real/train/real_train_00604.jpg,0,train,23
real/train/real_train_00605.jpg,0,train,13
real/train/real_train_00606.jpg,0,train,10
real/train/real_train_00607.jpg,0,train,6
real/train/real_train_00608.jpg,0,train,5
real/train/real_train_00609.jpg,0,train,85
real/train/real_train_00610.jpg,0,train,9
real/train/real_train_00611.jpg,0,train,6
real/train/real_train_00615.jpg,0,train,13
real/train/real_train_00616.jpg,0,train,8
real/train/real_train_00617.jpg,0,train,7
real/train/real_train_00619.jpg,0,train,20
real/train/real_train_00620.jpg,0,train,2
real/train/real_train_00622.jpg,0,train,2
real/train/real_train_00623.jpg,0,train,5
real/train/real_train_00624.jpg,0,train,5
real/train/real_train_00626.jpg,0,train,6
real/train/real_train_00627.jpg,0,train,4
real/train/real_train_00628.jpg,0,train,6
real/train/real_train_00630.jpg,0,train,13
real/train/real_train_00631.jpg,0,train,0
real/train/real_train_00632.jpg,0,train,2
real/train/real_train_00633.jpg,0,train,3
real/train/real_train_00635.jpg,0,train,3
real/train/real_train_00636.jpg,0,train,2
real/train/real_train_00637.jpg,0,train,7
real/train/real_train_00641.jpg,0,train,2
real/train/real_train_00642.jpg,0,train,4
real/train/real_train_00643.jpg,0,train,2
real/train/real_train_00644.jpg,0,train,9
real/train/real_train_00645.jpg,0,train,4
real/train/real_train_00646.jpg,0,train,9
real/train/real_train_00647.jpg,0,train,23
real/train/real_train_00650.jpg,0,train,2
real/train/real_train_00651.jpg,0,train,2
real/train/real_train_00654.jpg,0,train,25
real/train/real_train_00655.jpg,0,train,13
real/train/real_train_00656.jpg,0,train,2
real/train/real_train_00657.jpg,0,train,5
real/train/real_train_00658.jpg,0,train,20
real/train/real_train_00659.jpg,0,train,0
real/train/real_train_00661.jpg,0,train,29
real/train/real_train_00662.jpg,0,train,12
real/train/real_train_00663.jpg,0,train,5
real/train/real_train_00664.jpg,0,train,16
real/train/real_train_00667.jpg,0,train,1
real/train/real_train_00670.jpg,0,train,19
real/train/real_train_00674.jpg,0,train,1
real/train/real_train_00676.jpg,0,train,8
real/train/real_train_00679.jpg,0,train,7
real/train/real_train_00681.jpg,0,train,24
real/train/real_train_00682.jpg,0,train,2
real/train/real_train_00685.jpg,0,train,13
real/train/real_train_00686.jpg,0,train,14
real/train/real_train_00689.jpg,0,train,0
real/train/real_train_00690.jpg,0,train,6
real/train/real_train_00691.jpg,0,train,43
real/train/real_train_00692.jpg,0,train,0
real/train/real_train_00694.jpg,0,train,6
real/train/real_train_00695.jpg,0,train,0
real/train/real_train_00697.jpg,0,train,6
real/train/real_train_00698.jpg,0,train,6
real/train/real_train_00699.jpg,0,train,5
real/train/real_train_00700.jpg,0,train,19
real/train/real_train_00701.jpg,0,train,4
real/train/real_train_00702.jpg,0,train,7
real/train/real_train_00703.jpg,0,train,18
real/train/real_train_00704.jpg,0,train,3
real/train/real_train_00705.jpg,0,train,3
real/train/real_train_00706.jpg,0,train,17
real/train/real_train_00707.jpg,0,train,13
real/train/real_train_00709.jpg,0,train,2
real/train/real_train_00711.jpg,0,train,6
real/train/real_train_00712.jpg,0,train,3
real/train/real_train_00713.jpg,0,train,2
real/train/real_train_00715.jpg,0,train,19
real/train/real_train_00716.jpg,0,train,3
real/train/real_train_00718.jpg,0,train,5
real/train/real_train_00719.jpg,0,train,5
real/train/real_train_00720.jpg,0,train,4
real/train/real_train_00721.jpg,0,train,2
real/train/real_train_00723.jpg,0,train,41
real/train/real_train_00726.jpg,0,train,7
real/train/real_train_00731.jpg,0,train,23
real/train/real_train_00732.jpg,0,train,8
real/train/real_train_00733.jpg,0,train,3
real/train/real_train_00734.jpg,0,train,1
real/train/real_train_00736.jpg,0,train,48
real/train/real_train_00737.jpg,0,train,10
real/train/real_train_00739.jpg,0,train,9
real/train/real_train_00740.jpg,0,train,7
real/train/real_train_00741.jpg,0,train,6
real/train/real_train_00742.jpg,0,train,3
real/train/real_train_00743.jpg,0,train,7
real/train/real_train_00744.jpg,0,train,0
real/train/real_train_00745.jpg,0,train,1
real/train/real_train_00747.jpg,0,train,22
real/train/real_train_00748.jpg,0,train,1
real/train/real_train_00749.jpg,0,train,66
real/train/real_train_00750.jpg,0,train,12
real/train/real_train_00752.jpg,0,train,11
real/train/real_train_00757.jpg,0,train,12
real/train/real_train_00758.jpg,0,train,10
real/train/real_train_00759.jpg,0,train,4
real/train/real_train_00762.jpg,0,train,1
real/train/real_train_00763.jpg,0,train,14
real/train/real_train_00766.jpg,0,train,2
real/train/real_train_00767.jpg,0,train,9
real/train/real_train_00769.jpg,0,train,11
real/train/real_train_00770.jpg,0,train,9
real/train/real_train_00771.jpg,0,train,2
real/train/real_train_00772.jpg,0,train,8
real/train/real_train_00774.jpg,0,train,3
real/train/real_train_00775.jpg,0,train,17
real/train/real_train_00776.jpg,0,train,1
real/train/real_train_00777.jpg,0,train,15
real/train/real_train_00778.jpg,0,train,3
real/train/real_train_00780.jpg,0,train,8
real/train/real_train_00781.jpg,0,train,1
real/train/real_train_00782.jpg,0,train,13
real/train/real_train_00783.jpg,0,train,23
real/train/real_train_00786.jpg,0,train,8
real/train/real_train_00788.jpg,0,train,14
real/train/real_train_00789.jpg,0,train,29
real/train/real_train_00791.jpg,0,train,13
real/train/real_train_00792.jpg,0,train,15
real/train/real_train_00793.jpg,0,train,11
real/train/real_train_00794.jpg,0,train,9
real/train/real_train_00795.jpg,0,train,28
real/train/real_train_00796.jpg,0,train,6
real/train/real_train_00797.jpg,0,train,3
real/train/real_train_00801.jpg,0,train,13
real/train/real_train_00802.jpg,0,train,1
real/train/real_train_00803.jpg,0,train,3
real/train/real_train_00804.jpg,0,train,12
real/train/real_train_00805.jpg,0,train,1
real/train/real_train_00806.jpg,0,train,11
real/train/real_train_00809.jpg,0,train,32
real/train/real_train_00810.jpg,0,train,10
real/train/real_train_00812.jpg,0,train,6
real/train/real_train_00815.jpg,0,train,3
real/train/real_train_00816.jpg,0,train,1
real/train/real_train_00818.jpg,0,train,17
real/train/real_train_00819.jpg,0,train,3
real/train/real_train_00821.jpg,0,train,3
real/train/real_train_00822.jpg,0,train,5
real/train/real_train_00825.jpg,0,train,2
real/train/real_train_00826.jpg,0,train,7
real/train/real_train_00828.jpg,0,train,2
real/train/real_train_00831.jpg,0,train,15
real/train/real_train_00833.jpg,0,train,3
real/train/real_train_00834.jpg,0,train,4
real/train/real_train_00835.jpg,0,train,5
real/train/real_train_00837.jpg,0,train,4
real/train/real_train_00838.jpg,0,train,5
real/train/real_train_00839.jpg,0,train,9
real/train/real_train_00840.jpg,0,train,3
real/train/real_train_00842.jpg,0,train,0
real/train/real_train_00843.jpg,0,train,2
real/train/real_train_00844.jpg,0,train,21
real/train/real_train_00846.jpg,0,train,3
real/train/real_train_00847.jpg,0,train,25
real/train/real_train_00848.jpg,0,train,12
real/train/real_train_00852.jpg,0,train,5
real/train/real_train_00854.jpg,0,train,36
real/train/real_train_00856.jpg,0,train,8
real/train/real_train_00858.jpg,0,train,4
real/train/real_train_00859.jpg,0,train,4
real/train/real_train_00861.jpg,0,train,2
real/train/real_train_00862.jpg,0,train,12
real/train/real_train_00863.jpg,0,train,33
real/train/real_train_00865.jpg,0,train,17
real/train/real_train_00867.jpg,0,train,3
real/train/real_train_00868.jpg,0,train,38
real/train/real_train_00869.jpg,0,train,3
real/train/real_train_00870.jpg,0,train,1
real/train/real_train_00872.jpg,0,train,17
real/train/real_train_00875.jpg,0,train,17
real/train/real_train_00876.jpg,0,train,17
real/train/real_train_00877.jpg,0,train,8
real/train/real_train_00879.jpg,0,train,6
real/train/real_train_00880.jpg,0,train,23
real/train/real_train_00881.jpg,0,train,8
real/train/real_train_00882.jpg,0,train,0
real/train/real_train_00883.jpg,0,train,26
real/train/real_train_00884.jpg,0,train,2
real/train/real_train_00885.jpg,0,train,9
real/train/real_train_00887.jpg,0,train,36
real/train/real_train_00888.jpg,0,train,2
real/train/real_train_00890.jpg,0,train,3
real/train/real_train_00891.jpg,0,train,4
real/train/real_train_00893.jpg,0,train,45
real/train/real_train_00894.jpg,0,train,2
real/train/real_train_00895.jpg,0,train,2
real/train/real_train_00896.jpg,0,train,3
real/train/real_train_00897.jpg,0,train,3
real/train/real_train_00898.jpg,0,train,0
real/train/real_train_00902.jpg,0,train,16
real/train/real_train_00904.jpg,0,train,10
real/train/real_train_00905.jpg,0,train,4
real/train/real_train_00906.jpg,0,train,3
real/train/real_train_00907.jpg,0,train,0
real/train/real_train_00909.jpg,0,train,4
real/train/real_train_00910.jpg,0,train,17
real/train/real_train_00911.jpg,0,train,15
real/train/real_train_00913.jpg,0,train,32
real/train/real_train_00914.jpg,0,train,1
real/train/real_train_00915.jpg,0,train,10
real/train/real_train_00916.jpg,0,train,17
real/train/real_train_00917.jpg,0,train,32
real/train/real_train_00918.jpg,0,train,4
real/train/real_train_00919.jpg,0,train,5
real/train/real_train_00921.jpg,0,train,11
real/train/real_train_00924.jpg,0,train,22
real/train/real_train_00925.jpg,0,train,7
real/train/real_train_00926.jpg,0,train,11
real/train/real_train_00927.jpg,0,train,9
real/train/real_train_00928.jpg,0,train,10
real/train/real_train_00929.jpg,0,train,2
real/train/real_train_00931.jpg,0,train,3
real/train/real_train_00932.jpg,0,train,15
real/train/real_train_00936.jpg,0,train,7
real/train/real_train_00937.jpg,0,train,1
real/train/real_train_00938.jpg,0,train,4
real/train/real_train_00940.jpg,0,train,11
real/train/real_train_00941.jpg,0,train,5
real/train/real_train_00942.jpg,0,train,15
real/train/real_train_00944.jpg,0,train,3
real/train/real_train_00945.jpg,0,train,12
real/train/real_train_00946.jpg,0,train,17
real/train/real_train_00947.jpg,0,train,0
real/train/real_train_00948.jpg,0,train,12
real/train/real_train_00949.jpg,0,train,0
real/train/real_train_00950.jpg,0,train,8
real/train/real_train_00951.jpg,0,train,0
real/train/real_train_00952.jpg,0,train,1
real/train/real_train_00956.jpg,0,train,7
real/train/real_train_00957.jpg,0,train,2
real/train/real_train_00959.jpg,0,train,19
real/train/real_train_00961.jpg,0,train,2
real/train/real_train_00962.jpg,0,train,4
real/train/real_train_00963.jpg,0,train,15
real/train/real_train_00964.jpg,0,train,52
real/train/real_train_00968.jpg,0,train,6
real/train/real_train_00969.jpg,0,train,2
real/train/real_train_00970.jpg,0,train,47
real/train/real_train_00971.jpg,0,train,5
real/train/real_train_00973.jpg,0,train,3
real/train/real_train_00975.jpg,0,train,9
real/train/real_train_00976.jpg,0,train,24
real/train/real_train_00977.jpg,0,train,12
real/train/real_train_00979.jpg,0,train,12
real/train/real_train_00980.jpg,0,train,28
real/train/real_train_00982.jpg,0,train,2
real/train/real_train_00984.jpg,0,train,18
real/train/real_train_00985.jpg,0,train,27
real/train/real_train_00986.jpg,0,train,5
real/train/real_train_00989.jpg,0,train,4
real/train/real_train_00990.jpg,0,train,8
real/train/real_train_00991.jpg,0,train,1
real/train/real_train_00994.jpg,0,train,5
real/train/real_train_00997.jpg,0,train,3
real/train/real_train_00999.jpg,0,train,4
real/train/real_train_01000.jpg,0,train,24
real/train/real_train_01005.jpg,0,train,2
real/train/real_train_01006.jpg,0,train,6
real/train/real_train_01007.jpg,0,train,26
real/train/real_train_01010.jpg,0,train,19
real/train/real_train_01011.jpg,0,train,5
real/train/real_train_01012.jpg,0,train,0
real/train/real_train_01013.jpg,0,train,4
real/train/real_train_01014.jpg,0,train,10
real/train/real_train_01015.jpg,0,train,11
real/train/real_train_01016.jpg,0,train,2
real/train/real_train_01018.jpg,0,train,3
real/train/real_train_01020.jpg,0,train,4
real/train/real_train_01021.jpg,0,train,12
real/train/real_train_01022.jpg,0,train,11
real/train/real_train_01023.jpg,0,train,4
real/train/real_train_01027.jpg,0,train,12
real/train/real_train_01028.jpg,0,train,1
real/train/real_train_01030.jpg,0,train,3
real/train/real_train_01033.jpg,0,train,1
real/train/real_train_01035.jpg,0,train,17
real/train/real_train_01039.jpg,0,train,9
real/train/real_train_01041.jpg,0,train,42
real/train/real_train_01042.jpg,0,train,17
real/train/real_train_01046.jpg,0,train,7
real/train/real_train_01047.jpg,0,train,2
real/train/real_train_01048.jpg,0,train,2
real/train/real_train_01049.jpg,0,train,3
real/train/real_train_01050.jpg,0,train,2
real/train/real_train_01051.jpg,0,train,26
real/train/real_train_01053.jpg,0,train,1
real/train/real_train_01054.jpg,0,train,4
real/train/real_train_01055.jpg,0,train,17
real/train/real_train_01057.jpg,0,train,5
real/train/real_train_01058.jpg,0,train,12
real/train/real_train_01059.jpg,0,train,5
real/train/real_train_01061.jpg,0,train,1
real/train/real_train_01062.jpg,0,train,12
real/train/real_train_01065.jpg,0,train,32
real/train/real_train_01068.jpg,0,train,14
real/train/real_train_01069.jpg,0,train,7
real/train/real_train_01070.jpg,0,train,39
real/train/real_train_01072.jpg,0,train,2
real/train/real_train_01073.jpg,0,train,0
real/train/real_train_01076.jpg,0,train,4
real/train/real_train_01077.jpg,0,train,2
real/train/real_train_01078.jpg,0,train,79
real/train/real_train_01080.jpg,0,train,6
real/train/real_train_01081.jpg,0,train,13
real/train/real_train_01084.jpg,0,train,5
real/train/real_train_01085.jpg,0,train,16
real/train/real_train_01087.jpg,0,train,1
real/train/real_train_01088.jpg,0,train,3
real/train/real_train_01089.jpg,0,train,17
real/train/real_train_01092.jpg,0,train,11
real/train/real_train_01094.jpg,0,train,39
real/train/real_train_01095.jpg,0,train,10
real/train/real_train_01097.jpg,0,train,0
real/train/real_train_01099.jpg,0,train,2
real/train/real_train_01100.jpg,0,train,3
real/train/real_train_01101.jpg,0,train,4
real/train/real_train_01102.jpg,0,train,2
real/train/real_train_01104.jpg,0,train,4
real/train/real_train_01108.jpg,0,train,29
real/train/real_train_01112.jpg,0,train,4
real/train/real_train_01113.jpg,0,train,0
real/train/real_train_01114.jpg,0,train,3
real/train/real_train_01116.jpg,0,train,1
real/train/real_train_01119.jpg,0,train,14
real/train/real_train_01120.jpg,0,train,18
real/train/real_train_01122.jpg,0,train,0
real/train/real_train_01124.jpg,0,train,4
real/train/real_train_01126.jpg,0,train,0
real/train/real_train_01127.jpg,0,train,7
real/train/real_train_01129.jpg,0,train,7
real/train/real_train_01131.jpg,0,train,3
real/train/real_train_01132.jpg,0,train,6
real/train/real_train_01133.jpg,0,train,0
real/train/real_train_01134.jpg,0,train,7
real/train/real_train_01136.jpg,0,train,4
real/train/real_train_01137.jpg,0,train,7
real/train/real_train_01138.jpg,0,train,10
real/train/real_train_01139.jpg,0,train,2
real/train/real_train_01140.jpg,0,train,19
real/train/real_train_01141.jpg,0,train,55
real/train/real_train_01142.jpg,0,train,36
real/train/real_train_01143.jpg,0,train,37
real/train/real_train_01144.jpg,0,train,35
real/train/real_train_01149.jpg,0,train,2
real/train/real_train_01151.jpg,0,train,13
real/train/real_train_01152.jpg,0,train,7
real/train/real_train_01153.jpg,0,train,0
real/train/real_train_01154.jpg,0,train,11
real/train/real_train_01155.jpg,0,train,13
real/train/real_train_01156.jpg,0,train,94
real/train/real_train_01157.jpg,0,train,0
real/train/real_train_01160.jpg,0,train,12
real/train/real_train_01161.jpg,0,train,4
real/train/real_train_01162.jpg,0,train,50
real/train/real_train_01163.jpg,0,train,0
real/train/real_train_01165.jpg,0,train,0
real/train/real_train_01169.jpg,0,train,4
real/train/real_train_01170.jpg,0,train,42
real/train/real_train_01171.jpg,0,train,4
real/train/real_train_01172.jpg,0,train,24
real/train/real_train_01173.jpg,0,train,6
real/train/real_train_01174.jpg,0,train,0
real/train/real_train_01175.jpg,0,train,1
real/train/real_train_01178.jpg,0,train,2
real/train/real_train_01179.jpg,0,train,15
real/train/real_train_01180.jpg,0,train,34
real/train/real_train_01181.jpg,0,train,5
real/train/real_train_01182.jpg,0,train,6
real/train/real_train_01186.jpg,0,train,6
real/train/real_train_01187.jpg,0,train,8
real/train/real_train_01188.jpg,0,train,3
real/train/real_train_01189.jpg,0,train,6
real/train/real_train_01190.jpg,0,train,11
real/train/real_train_01191.jpg,0,train,15
real/train/real_train_01192.jpg,0,train,2
real/train/real_train_01193.jpg,0,train,10
real/train/real_train_01195.jpg,0,train,2
real/train/real_train_01196.jpg,0,train,3
real/train/real_train_01197.jpg,0,train,16
real/train/real_train_01198.jpg,0,train,12
real/train/real_train_01199.jpg,0,train,0
fake/val/fake_val_00000.jpg,1,val,0
fake/val/fake_val_00002.jpg,1,val,10
fake/val/fake_val_00005.jpg,1,val,5
fake/val/fake_val_00006.jpg,1,val,3
fake/val/fake_val_00007.jpg,1,val,6
fake/val/fake_val_00008.jpg,1,val,10
fake/val/fake_val_00010.jpg,1,val,7
fake/val/fake_val_00012.jpg,1,val,5
fake/val/fake_val_00014.jpg,1,val,3
fake/val/fake_val_00015.jpg,1,val,9
fake/val/fake_val_00018.jpg,1,val,1
fake/val/fake_val_00019.jpg,1,val,8
fake/val/fake_val_00023.jpg,1,val,26
fake/val/fake_val_00024.jpg,1,val,5
fake/val/fake_val_00026.jpg,1,val,3
fake/val/fake_val_00027.jpg,1,val,6
fake/val/fake_val_00030.jpg,1,val,5
fake/val/fake_val_00031.jpg,1,val,4
fake/val/fake_val_00032.jpg,1,val,119
fake/val/fake_val_00033.jpg,1,val,3
fake/val/fake_val_00035.jpg,1,val,5
fake/val/fake_val_00036.jpg,1,val,3
fake/val/fake_val_00037.jpg,1,val,2
fake/val/fake_val_00038.jpg,1,val,2
fake/val/fake_val_00039.jpg,1,val,0
fake/val/fake_val_00040.jpg,1,val,11
fake/val/fake_val_00042.jpg,1,val,2
fake/val/fake_val_00043.jpg,1,val,5
fake/val/fake_val_00045.jpg,1,val,0
fake/val/fake_val_00046.jpg,1,val,19
fake/val/fake_val_00047.jpg,1,val,6
fake/val/fake_val_00051.jpg,1,val,9
fake/val/fake_val_00052.jpg,1,val,1
fake/val/fake_val_00053.jpg,1,val,0
fake/val/fake_val_00055.jpg,1,val,3
fake/val/fake_val_00057.jpg,1,val,2
fake/val/fake_val_00058.jpg,1,val,1
fake/val/fake_val_00059.jpg,1,val,5
fake/val/fake_val_00061.jpg,1,val,6
fake/val/fake_val_00062.jpg,1,val,18
fake/val/fake_val_00066.jpg,1,val,1
fake/val/fake_val_00068.jpg,1,val,1
fake/val/fake_val_00070.jpg,1,val,18
fake/val/fake_val_00074.jpg,1,val,39
fake/val/fake_val_00075.jpg,1,val,2
fake/val/fake_val_00077.jpg,1,val,9
fake/val/fake_val_00079.jpg,1,val,3
fake/val/fake_val_00080.jpg,1,val,12
fake/val/fake_val_00081.jpg,1,val,8
fake/val/fake_val_00083.jpg,1,val,1
fake/val/fake_val_00084.jpg,1,val,1
fake/val/fake_val_00085.jpg,1,val,8
fake/val/fake_val_00088.jpg,1,val,12
fake/val/fake_val_00090.jpg,1,val,7
fake/val/fake_val_00091.jpg,1,val,7
fake/val/fake_val_00092.jpg,1,val,8
fake/val/fake_val_00093.jpg,1,val,5
fake/val/fake_val_00094.jpg,1,val,0
fake/val/fake_val_00095.jpg,1,val,8
fake/val/fake_val_00100.jpg,1,val,4
fake/val/fake_val_00101.jpg,1,val,3
fake/val/fake_val_00103.jpg,1,val,13
fake/val/fake_val_00104.jpg,1,val,2
fake/val/fake_val_00105.jpg,1,val,0
fake/val/fake_val_00106.jpg,1,val,8
fake/val/fake_val_00107.jpg,1,val,6
fake/val/fake_val_00108.jpg,1,val,22
fake/val/fake_val_00109.jpg,1,val,6
fake/val/fake_val_00110.jpg,1,val,11
fake/val/fake_val_00111.jpg,1,val,19
fake/val/fake_val_00112.jpg,1,val,5
fake/val/fake_val_00114.jpg,1,val,4
fake/val/fake_val_00116.jpg,1,val,6
fake/val/fake_val_00118.jpg,1,val,9
fake/val/fake_val_00119.jpg,1,val,2
fake/val/fake_val_00121.jpg,1,val,17
fake/val/fake_val_00122.jpg,1,val,6
fake/val/fake_val_00123.jpg,1,val,2
fake/val/fake_val_00124.jpg,1,val,1
fake/val/fake_val_00125.jpg,1,val,0
fake/val/fake_val_00126.jpg,1,val,29
fake/val/fake_val_00128.jpg,1,val,0
fake/val/fake_val_00129.jpg,1,val,15
fake/val/fake_val_00131.jpg,1,val,11
fake/val/fake_val_00132.jpg,1,val,0
fake/val/fake_val_00133.jpg,1,val,16
fake/val/fake_val_00134.jpg,1,val,5
fake/val/fake_val_00135.jpg,1,val,3
fake/val/fake_val_00137.jpg,1,val,29
fake/val/fake_val_00138.jpg,1,val,4
fake/val/fake_val_00139.jpg,1,val,8
fake/val/fake_val_00141.jpg,1,val,1
fake/val/fake_val_00142.jpg,1,val,0
fake/val/fake_val_00144.jpg,1,val,10
fake/val/fake_val_00145.jpg,1,val,4
fake/val/fake_val_00146.jpg,1,val,5
fake/val/fake_val_00147.jpg,1,val,6
fake/val/fake_val_00148.jpg,1,val,4
real/val/real_val_00002.jpg,0,val,34
real/val/real_val_00003.jpg,0,val,2
real/val/real_val_00004.jpg,0,val,2
real/val/real_val_00005.jpg,0,val,2
real/val/real_val_00006.jpg,0,val,15
real/val/real_val_00007.jpg,0,val,14
real/val/real_val_00008.jpg,0,val,26
real/val/real_val_00009.jpg,0,val,4
real/val/real_val_00011.jpg,0,val,9
real/val/real_val_00012.jpg,0,val,25
real/val/real_val_00015.jpg,0,val,5
real/val/real_val_00016.jpg,0,val,3
real/val/real_val_00019.jpg,0,val,29
real/val/real_val_00020.jpg,0,val,62
real/val/real_val_00021.jpg,0,val,9
real/val/real_val_00022.jpg,0,val,4
real/val/real_val_00023.jpg,0,val,3
real/val/real_val_00024.jpg,0,val,3
real/val/real_val_00025.jpg,0,val,2
real/val/real_val_00026.jpg,0,val,8
real/val/real_val_00027.jpg,0,val,66
real/val/real_val_00028.jpg,0,val,7
real/val/real_val_00031.jpg,0,val,32
real/val/real_val_00032.jpg,0,val,1
real/val/real_val_00034.jpg,0,val,14
real/val/real_val_00035.jpg,0,val,1
real/val/real_val_00036.jpg,0,val,4
real/val/real_val_00038.jpg,0,val,2
real/val/real_val_00039.jpg,0,val,1
real/val/real_val_00040.jpg,0,val,1
real/val/real_val_00041.jpg,0,val,4
real/val/real_val_00042.jpg,0,val,58
real/val/real_val_00043.jpg,0,val,15
real/val/real_val_00044.jpg,0,val,15
real/val/real_val_00045.jpg,0,val,27
real/val/real_val_00047.jpg,0,val,2
real/val/real_val_00048.jpg,0,val,17
real/val/real_val_00049.jpg,0,val,1
real/val/real_val_00050.jpg,0,val,2
real/val/real_val_00051.jpg,0,val,47
real/val/real_val_00052.jpg,0,val,3
real/val/real_val_00053.jpg,0,val,10
real/val/real_val_00054.jpg,0,val,20
real/val/real_val_00055.jpg,0,val,1
real/val/real_val_00056.jpg,0,val,7
real/val/real_val_00058.jpg,0,val,3
real/val/real_val_00059.jpg,0,val,11
real/val/real_val_00060.jpg,0,val,3
real/val/real_val_00061.jpg,0,val,14
real/val/real_val_00062.jpg,0,val,8
real/val/real_val_00064.jpg,0,val,11
real/val/real_val_00066.jpg,0,val,41
real/val/real_val_00067.jpg,0,val,21
real/val/real_val_00068.jpg,0,val,36
real/val/real_val_00069.jpg,0,val,4
real/val/real_val_00070.jpg,0,val,14
real/val/real_val_00071.jpg,0,val,4
real/val/real_val_00073.jpg,0,val,34
real/val/real_val_00074.jpg,0,val,7
real/val/real_val_00076.jpg,0,val,19
real/val/real_val_00077.jpg,0,val,13
real/val/real_val_00079.jpg,0,val,0
real/val/real_val_00080.jpg,0,val,54
real/val/real_val_00081.jpg,0,val,32
real/val/real_val_00082.jpg,0,val,7
real/val/real_val_00084.jpg,0,val,10
real/val/real_val_00085.jpg,0,val,16
real/val/real_val_00087.jpg,0,val,20
real/val/real_val_00088.jpg,0,val,2
real/val/real_val_00090.jpg,0,val,8
real/val/real_val_00091.jpg,0,val,2
real/val/real_val_00092.jpg,0,val,8
real/val/real_val_00093.jpg,0,val,2
real/val/real_val_00094.jpg,0,val,4
real/val/real_val_00095.jpg,0,val,11
real/val/real_val_00096.jpg,0,val,1
real/val/real_val_00098.jpg,0,val,18
real/val/real_val_00099.jpg,0,val,16
real/val/real_val_00102.jpg,0,val,6
real/val/real_val_00103.jpg,0,val,7
real/val/real_val_00104.jpg,0,val,26
real/val/real_val_00105.jpg,0,val,63
real/val/real_val_00106.jpg,0,val,31
real/val/real_val_00108.jpg,0,val,1
real/val/real_val_00109.jpg,0,val,3
real/val/real_val_00111.jpg,0,val,38
real/val/real_val_00112.jpg,0,val,36
real/val/real_val_00113.jpg,0,val,3
real/val/real_val_00114.jpg,0,val,1
real/val/real_val_00115.jpg,0,val,2
real/val/real_val_00116.jpg,0,val,8
real/val/real_val_00118.jpg,0,val,3
real/val/real_val_00120.jpg,0,val,23
real/val/real_val_00124.jpg,0,val,21
real/val/real_val_00126.jpg,0,val,34
real/val/real_val_00127.jpg,0,val,1
real/val/real_val_00132.jpg,0,val,16
real/val/real_val_00135.jpg,0,val,61
real/val/real_val_00136.jpg,0,val,48
real/val/real_val_00137.jpg,0,val,2
real/val/real_val_00138.jpg,0,val,2
real/val/real_val_00139.jpg,0,val,5
real/val/real_val_00143.jpg,0,val,8
real/val/real_val_00144.jpg,0,val,5
real/val/real_val_00146.jpg,0,val,6
real/val/real_val_00147.jpg,0,val,2
